Path,Rain (mm),Time,City
D:/UIT/KLTN/train_img/2024-01-14-13-01-53/Ba Ria.png,0,2024-01-14-13-01-53,Ba Ria
D:/UIT/KLTN/train_img/2024-01-14-13-01-53/Bac Lieu.png,0,2024-01-14-13-01-53,Bac Lieu
D:/UIT/KLTN/train_img/2024-01-14-13-01-53/Ben Tre.png,0,2024-01-14-13-01-53,Ben Tre
D:/UIT/KLTN/train_img/2024-01-14-13-01-53/Bien Hoa.png,0,2024-01-14-13-01-53,Bien Hoa
D:/UIT/KLTN/train_img/2024-01-14-13-01-53/Binh Duong.png,0.11,2024-01-14-13-01-53,Binh Duong
D:/UIT/KLTN/train_img/2024-01-14-13-01-53/Buon Ma Thuot.png,0,2024-01-14-13-01-53,Buon Ma Thuot
D:/UIT/KLTN/train_img/2024-01-14-13-01-53/Ca Mau.png,0,2024-01-14-13-01-53,Ca Mau
D:/UIT/KLTN/train_img/2024-01-14-13-01-53/Cam Ranh.png,0,2024-01-14-13-01-53,Cam Ranh
D:/UIT/KLTN/train_img/2024-01-14-13-01-53/Can Tho.png,0,2024-01-14-13-01-53,Can Tho
D:/UIT/KLTN/train_img/2024-01-14-13-01-53/Cao Lanh.png,0,2024-01-14-13-01-53,Cao Lanh
D:/UIT/KLTN/train_img/2024-01-14-13-01-53/Chau Doc.png,0,2024-01-14-13-01-53,Chau Doc
D:/UIT/KLTN/train_img/2024-01-14-13-01-53/Con Son.png,0,2024-01-14-13-01-53,Con Son
D:/UIT/KLTN/train_img/2024-01-14-13-01-53/Da Lat.png,0,2024-01-14-13-01-53,Da Lat
D:/UIT/KLTN/train_img/2024-01-14-13-01-53/Da Nang.png,0.21,2024-01-14-13-01-53,Da Nang
D:/UIT/KLTN/train_img/2024-01-14-13-01-53/Di An.png,0,2024-01-14-13-01-53,Di An
D:/UIT/KLTN/train_img/2024-01-14-13-01-53/Dien Bien Phu.png,0,2024-01-14-13-01-53,Dien Bien Phu
D:/UIT/KLTN/train_img/2024-01-14-13-01-53/Dong Ha.png,0,2024-01-14-13-01-53,Dong Ha
D:/UIT/KLTN/train_img/2024-01-14-13-01-53/Dong Hoi.png,0.23,2024-01-14-13-01-53,Dong Hoi
D:/UIT/KLTN/train_img/2024-01-14-13-01-53/Dong Xoai.png,0,2024-01-14-13-01-53,Dong Xoai
D:/UIT/KLTN/train_img/2024-01-14-13-01-53/Ha Tien.png,0,2024-01-14-13-01-53,Ha Tien
D:/UIT/KLTN/train_img/2024-01-14-13-01-53/Ho Chi Minh.png,0,2024-01-14-13-01-53,Ho Chi Minh
D:/UIT/KLTN/train_img/2024-01-14-13-01-53/Hoi An.png,0.21,2024-01-14-13-01-53,Hoi An
D:/UIT/KLTN/train_img/2024-01-14-13-01-53/Hue.png,0,2024-01-14-13-01-53,Hue
D:/UIT/KLTN/train_img/2024-01-14-13-01-53/Kon Tum.png,0,2024-01-14-13-01-53,Kon Tum
D:/UIT/KLTN/train_img/2024-01-14-13-01-53/Lai Chau.png,0,2024-01-14-13-01-53,Lai Chau
D:/UIT/KLTN/train_img/2024-01-14-13-01-53/Long Khanh.png,0,2024-01-14-13-01-53,Long Khanh
D:/UIT/KLTN/train_img/2024-01-14-13-01-53/Long Xuyen.png,0,2024-01-14-13-01-53,Long Xuyen
D:/UIT/KLTN/train_img/2024-01-14-13-01-53/My Tho.png,0,2024-01-14-13-01-53,My Tho
D:/UIT/KLTN/train_img/2024-01-14-13-01-53/Nha Trang.png,0,2024-01-14-13-01-53,Nha Trang
D:/UIT/KLTN/train_img/2024-01-14-13-01-53/Phan Rang - Thap Cham.png,0,2024-01-14-13-01-53,Phan Rang - Thap Cham
D:/UIT/KLTN/train_img/2024-01-14-13-01-53/Phan Thiet.png,0,2024-01-14-13-01-53,Phan Thiet
D:/UIT/KLTN/train_img/2024-01-14-13-01-53/Pleiku.png,0,2024-01-14-13-01-53,Pleiku
D:/UIT/KLTN/train_img/2024-01-14-13-01-53/Quang Ngai.png,0.17,2024-01-14-13-01-53,Quang Ngai
D:/UIT/KLTN/train_img/2024-01-14-13-01-53/Quy Nhon.png,0.12,2024-01-14-13-01-53,Quy Nhon
D:/UIT/KLTN/train_img/2024-01-14-13-01-53/Rach Gia.png,0,2024-01-14-13-01-53,Rach Gia
D:/UIT/KLTN/train_img/2024-01-14-13-01-53/Sa Dec.png,0,2024-01-14-13-01-53,Sa Dec
D:/UIT/KLTN/train_img/2024-01-14-13-01-53/Soc Trang.png,0,2024-01-14-13-01-53,Soc Trang
D:/UIT/KLTN/train_img/2024-01-14-13-01-53/Soc Trang.png,0,2024-01-14-13-01-53,Soc Trang
D:/UIT/KLTN/train_img/2024-01-14-13-01-53/Son La.png,0,2024-01-14-13-01-53,Son La
D:/UIT/KLTN/train_img/2024-01-14-13-01-53/Tan An.png,0,2024-01-14-13-01-53,Tan An
D:/UIT/KLTN/train_img/2024-01-14-13-01-53/Tay Ninh.png,0,2024-01-14-13-01-53,Tay Ninh
D:/UIT/KLTN/train_img/2024-01-14-13-01-53/Thu Dau Mot.png,0,2024-01-14-13-01-53,Thu Dau Mot
D:/UIT/KLTN/train_img/2024-01-14-13-01-53/Thu Duc.png,0,2024-01-14-13-01-53,Thu Duc
D:/UIT/KLTN/train_img/2024-01-14-13-01-53/Tra Vinh.png,0,2024-01-14-13-01-53,Tra Vinh
D:/UIT/KLTN/train_img/2024-01-14-13-01-53/Tuy Hoa.png,0.13,2024-01-14-13-01-53,Tuy Hoa
D:/UIT/KLTN/train_img/2024-01-14-13-01-53/Vinh Long.png,0,2024-01-14-13-01-53,Vinh Long
D:/UIT/KLTN/train_img/2024-01-14-13-01-53/Vung Tau.png,0,2024-01-14-13-01-53,Vung Tau
D:/UIT/KLTN/train_img/2024-01-14-14-01-51/Ba Ria.png,0,2024-01-14-14-01-51,Ba Ria
D:/UIT/KLTN/train_img/2024-01-14-14-01-51/Bac Lieu.png,0,2024-01-14-14-01-51,Bac Lieu
D:/UIT/KLTN/train_img/2024-01-14-14-01-51/Ben Tre.png,0,2024-01-14-14-01-51,Ben Tre
D:/UIT/KLTN/train_img/2024-01-14-14-01-51/Bien Hoa.png,0,2024-01-14-14-01-51,Bien Hoa
D:/UIT/KLTN/train_img/2024-01-14-14-01-51/Binh Duong.png,0,2024-01-14-14-01-51,Binh Duong
D:/UIT/KLTN/train_img/2024-01-14-14-01-51/Buon Ma Thuot.png,0,2024-01-14-14-01-51,Buon Ma Thuot
D:/UIT/KLTN/train_img/2024-01-14-14-01-51/Ca Mau.png,0,2024-01-14-14-01-51,Ca Mau
D:/UIT/KLTN/train_img/2024-01-14-14-01-51/Cam Ranh.png,0,2024-01-14-14-01-51,Cam Ranh
D:/UIT/KLTN/train_img/2024-01-14-14-01-51/Can Tho.png,0,2024-01-14-14-01-51,Can Tho
D:/UIT/KLTN/train_img/2024-01-14-14-01-51/Cao Lanh.png,0,2024-01-14-14-01-51,Cao Lanh
D:/UIT/KLTN/train_img/2024-01-14-14-01-51/Chau Doc.png,0,2024-01-14-14-01-51,Chau Doc
D:/UIT/KLTN/train_img/2024-01-14-14-01-51/Con Son.png,0,2024-01-14-14-01-51,Con Son
D:/UIT/KLTN/train_img/2024-01-14-14-01-51/Da Lat.png,0,2024-01-14-14-01-51,Da Lat
D:/UIT/KLTN/train_img/2024-01-14-14-01-51/Da Nang.png,0.28,2024-01-14-14-01-51,Da Nang
D:/UIT/KLTN/train_img/2024-01-14-14-01-51/Di An.png,0,2024-01-14-14-01-51,Di An
D:/UIT/KLTN/train_img/2024-01-14-14-01-51/Dien Bien Phu.png,0,2024-01-14-14-01-51,Dien Bien Phu
D:/UIT/KLTN/train_img/2024-01-14-14-01-51/Dong Ha.png,0.16,2024-01-14-14-01-51,Dong Ha
D:/UIT/KLTN/train_img/2024-01-14-14-01-51/Dong Hoi.png,0.34,2024-01-14-14-01-51,Dong Hoi
D:/UIT/KLTN/train_img/2024-01-14-14-01-51/Dong Xoai.png,0,2024-01-14-14-01-51,Dong Xoai
D:/UIT/KLTN/train_img/2024-01-14-14-01-51/Ha Tien.png,0,2024-01-14-14-01-51,Ha Tien
D:/UIT/KLTN/train_img/2024-01-14-14-01-51/Ho Chi Minh.png,0,2024-01-14-14-01-51,Ho Chi Minh
D:/UIT/KLTN/train_img/2024-01-14-14-01-51/Hoi An.png,0.28,2024-01-14-14-01-51,Hoi An
D:/UIT/KLTN/train_img/2024-01-14-14-01-51/Hue.png,0,2024-01-14-14-01-51,Hue
D:/UIT/KLTN/train_img/2024-01-14-14-01-51/Kon Tum.png,0,2024-01-14-14-01-51,Kon Tum
D:/UIT/KLTN/train_img/2024-01-14-14-01-51/Lai Chau.png,0,2024-01-14-14-01-51,Lai Chau
D:/UIT/KLTN/train_img/2024-01-14-14-01-51/Long Khanh.png,0,2024-01-14-14-01-51,Long Khanh
D:/UIT/KLTN/train_img/2024-01-14-14-01-51/Long Xuyen.png,0,2024-01-14-14-01-51,Long Xuyen
D:/UIT/KLTN/train_img/2024-01-14-14-01-51/My Tho.png,0,2024-01-14-14-01-51,My Tho
D:/UIT/KLTN/train_img/2024-01-14-14-01-51/Nha Trang.png,0,2024-01-14-14-01-51,Nha Trang
D:/UIT/KLTN/train_img/2024-01-14-14-01-51/Phan Rang - Thap Cham.png,0,2024-01-14-14-01-51,Phan Rang - Thap Cham
D:/UIT/KLTN/train_img/2024-01-14-14-01-51/Phan Thiet.png,0,2024-01-14-14-01-51,Phan Thiet
D:/UIT/KLTN/train_img/2024-01-14-14-01-51/Pleiku.png,0,2024-01-14-14-01-51,Pleiku
D:/UIT/KLTN/train_img/2024-01-14-14-01-51/Quang Ngai.png,0.11,2024-01-14-14-01-51,Quang Ngai
D:/UIT/KLTN/train_img/2024-01-14-14-01-51/Quy Nhon.png,0.12,2024-01-14-14-01-51,Quy Nhon
D:/UIT/KLTN/train_img/2024-01-14-14-01-51/Rach Gia.png,0,2024-01-14-14-01-51,Rach Gia
D:/UIT/KLTN/train_img/2024-01-14-14-01-51/Sa Dec.png,0,2024-01-14-14-01-51,Sa Dec
D:/UIT/KLTN/train_img/2024-01-14-14-01-51/Soc Trang.png,0,2024-01-14-14-01-51,Soc Trang
D:/UIT/KLTN/train_img/2024-01-14-14-01-51/Soc Trang.png,0,2024-01-14-14-01-51,Soc Trang
D:/UIT/KLTN/train_img/2024-01-14-14-01-51/Son La.png,0,2024-01-14-14-01-51,Son La
D:/UIT/KLTN/train_img/2024-01-14-14-01-51/Tan An.png,0,2024-01-14-14-01-51,Tan An
D:/UIT/KLTN/train_img/2024-01-14-14-01-51/Tay Ninh.png,0,2024-01-14-14-01-51,Tay Ninh
D:/UIT/KLTN/train_img/2024-01-14-14-01-51/Thu Dau Mot.png,0,2024-01-14-14-01-51,Thu Dau Mot
D:/UIT/KLTN/train_img/2024-01-14-14-01-51/Thu Duc.png,0,2024-01-14-14-01-51,Thu Duc
D:/UIT/KLTN/train_img/2024-01-14-14-01-51/Tra Vinh.png,0,2024-01-14-14-01-51,Tra Vinh
D:/UIT/KLTN/train_img/2024-01-14-14-01-51/Tuy Hoa.png,0.2,2024-01-14-14-01-51,Tuy Hoa
D:/UIT/KLTN/train_img/2024-01-14-14-01-51/Vinh Long.png,0,2024-01-14-14-01-51,Vinh Long
D:/UIT/KLTN/train_img/2024-01-14-14-01-51/Vung Tau.png,0,2024-01-14-14-01-51,Vung Tau
D:/UIT/KLTN/train_img/2024-01-14-15-01-56/Ba Ria.png,0,2024-01-14-15-01-56,Ba Ria
D:/UIT/KLTN/train_img/2024-01-14-15-01-56/Bac Lieu.png,0,2024-01-14-15-01-56,Bac Lieu
D:/UIT/KLTN/train_img/2024-01-14-15-01-56/Ben Tre.png,0,2024-01-14-15-01-56,Ben Tre
D:/UIT/KLTN/train_img/2024-01-14-15-01-56/Bien Hoa.png,0,2024-01-14-15-01-56,Bien Hoa
D:/UIT/KLTN/train_img/2024-01-14-15-01-56/Binh Duong.png,0,2024-01-14-15-01-56,Binh Duong
D:/UIT/KLTN/train_img/2024-01-14-15-01-56/Buon Ma Thuot.png,0,2024-01-14-15-01-56,Buon Ma Thuot
D:/UIT/KLTN/train_img/2024-01-14-15-01-56/Ca Mau.png,0,2024-01-14-15-01-56,Ca Mau
D:/UIT/KLTN/train_img/2024-01-14-15-01-56/Cam Ranh.png,0,2024-01-14-15-01-56,Cam Ranh
D:/UIT/KLTN/train_img/2024-01-14-15-01-56/Can Tho.png,0,2024-01-14-15-01-56,Can Tho
D:/UIT/KLTN/train_img/2024-01-14-15-01-56/Cao Lanh.png,0,2024-01-14-15-01-56,Cao Lanh
D:/UIT/KLTN/train_img/2024-01-14-15-01-56/Chau Doc.png,0,2024-01-14-15-01-56,Chau Doc
D:/UIT/KLTN/train_img/2024-01-14-15-01-56/Con Son.png,0,2024-01-14-15-01-56,Con Son
D:/UIT/KLTN/train_img/2024-01-14-15-01-56/Da Lat.png,0,2024-01-14-15-01-56,Da Lat
D:/UIT/KLTN/train_img/2024-01-14-15-01-56/Da Nang.png,0.25,2024-01-14-15-01-56,Da Nang
D:/UIT/KLTN/train_img/2024-01-14-15-01-56/Di An.png,0,2024-01-14-15-01-56,Di An
D:/UIT/KLTN/train_img/2024-01-14-15-01-56/Dien Bien Phu.png,0,2024-01-14-15-01-56,Dien Bien Phu
D:/UIT/KLTN/train_img/2024-01-14-15-01-56/Dong Ha.png,0,2024-01-14-15-01-56,Dong Ha
D:/UIT/KLTN/train_img/2024-01-14-15-01-56/Dong Hoi.png,0.4,2024-01-14-15-01-56,Dong Hoi
D:/UIT/KLTN/train_img/2024-01-14-15-01-56/Dong Xoai.png,0,2024-01-14-15-01-56,Dong Xoai
D:/UIT/KLTN/train_img/2024-01-14-15-01-56/Ha Tien.png,0,2024-01-14-15-01-56,Ha Tien
D:/UIT/KLTN/train_img/2024-01-14-15-01-56/Ho Chi Minh.png,0,2024-01-14-15-01-56,Ho Chi Minh
D:/UIT/KLTN/train_img/2024-01-14-15-01-56/Hoi An.png,0.28,2024-01-14-15-01-56,Hoi An
D:/UIT/KLTN/train_img/2024-01-14-15-01-56/Hue.png,0,2024-01-14-15-01-56,Hue
D:/UIT/KLTN/train_img/2024-01-14-15-01-56/Kon Tum.png,0,2024-01-14-15-01-56,Kon Tum
D:/UIT/KLTN/train_img/2024-01-14-15-01-56/Lai Chau.png,0,2024-01-14-15-01-56,Lai Chau
D:/UIT/KLTN/train_img/2024-01-14-15-01-56/Long Khanh.png,0,2024-01-14-15-01-56,Long Khanh
D:/UIT/KLTN/train_img/2024-01-14-15-01-56/Long Xuyen.png,0,2024-01-14-15-01-56,Long Xuyen
D:/UIT/KLTN/train_img/2024-01-14-15-01-56/My Tho.png,0,2024-01-14-15-01-56,My Tho
D:/UIT/KLTN/train_img/2024-01-14-15-01-56/Nha Trang.png,0,2024-01-14-15-01-56,Nha Trang
D:/UIT/KLTN/train_img/2024-01-14-15-01-56/Phan Rang - Thap Cham.png,0,2024-01-14-15-01-56,Phan Rang - Thap Cham
D:/UIT/KLTN/train_img/2024-01-14-15-01-56/Phan Thiet.png,0,2024-01-14-15-01-56,Phan Thiet
D:/UIT/KLTN/train_img/2024-01-14-15-01-56/Pleiku.png,0,2024-01-14-15-01-56,Pleiku
D:/UIT/KLTN/train_img/2024-01-14-15-01-56/Quang Ngai.png,0,2024-01-14-15-01-56,Quang Ngai
D:/UIT/KLTN/train_img/2024-01-14-15-01-56/Quy Nhon.png,0,2024-01-14-15-01-56,Quy Nhon
D:/UIT/KLTN/train_img/2024-01-14-15-01-56/Rach Gia.png,0,2024-01-14-15-01-56,Rach Gia
D:/UIT/KLTN/train_img/2024-01-14-15-01-56/Sa Dec.png,0,2024-01-14-15-01-56,Sa Dec
D:/UIT/KLTN/train_img/2024-01-14-15-01-56/Soc Trang.png,0,2024-01-14-15-01-56,Soc Trang
D:/UIT/KLTN/train_img/2024-01-14-15-01-56/Soc Trang.png,0,2024-01-14-15-01-56,Soc Trang
D:/UIT/KLTN/train_img/2024-01-14-15-01-56/Son La.png,0,2024-01-14-15-01-56,Son La
D:/UIT/KLTN/train_img/2024-01-14-15-01-56/Tan An.png,0,2024-01-14-15-01-56,Tan An
D:/UIT/KLTN/train_img/2024-01-14-15-01-56/Tay Ninh.png,0,2024-01-14-15-01-56,Tay Ninh
D:/UIT/KLTN/train_img/2024-01-14-15-01-56/Thu Dau Mot.png,0,2024-01-14-15-01-56,Thu Dau Mot
D:/UIT/KLTN/train_img/2024-01-14-15-01-56/Thu Duc.png,0,2024-01-14-15-01-56,Thu Duc
D:/UIT/KLTN/train_img/2024-01-14-15-01-56/Tra Vinh.png,0,2024-01-14-15-01-56,Tra Vinh
D:/UIT/KLTN/train_img/2024-01-14-15-01-56/Tuy Hoa.png,0.18,2024-01-14-15-01-56,Tuy Hoa
D:/UIT/KLTN/train_img/2024-01-14-15-01-56/Vinh Long.png,0,2024-01-14-15-01-56,Vinh Long
D:/UIT/KLTN/train_img/2024-01-14-15-01-56/Vung Tau.png,0,2024-01-14-15-01-56,Vung Tau
D:/UIT/KLTN/train_img/2024-01-14-16-01-52/Ba Ria.png,0,2024-01-14-16-01-52,Ba Ria
D:/UIT/KLTN/train_img/2024-01-14-16-01-52/Bac Lieu.png,0,2024-01-14-16-01-52,Bac Lieu
D:/UIT/KLTN/train_img/2024-01-14-16-01-52/Ben Tre.png,0,2024-01-14-16-01-52,Ben Tre
D:/UIT/KLTN/train_img/2024-01-14-16-01-52/Bien Hoa.png,0,2024-01-14-16-01-52,Bien Hoa
D:/UIT/KLTN/train_img/2024-01-14-16-01-52/Binh Duong.png,0,2024-01-14-16-01-52,Binh Duong
D:/UIT/KLTN/train_img/2024-01-14-16-01-52/Buon Ma Thuot.png,0,2024-01-14-16-01-52,Buon Ma Thuot
D:/UIT/KLTN/train_img/2024-01-14-16-01-52/Ca Mau.png,0,2024-01-14-16-01-52,Ca Mau
D:/UIT/KLTN/train_img/2024-01-14-16-01-52/Cam Ranh.png,0,2024-01-14-16-01-52,Cam Ranh
D:/UIT/KLTN/train_img/2024-01-14-16-01-52/Can Tho.png,0,2024-01-14-16-01-52,Can Tho
D:/UIT/KLTN/train_img/2024-01-14-16-01-52/Cao Lanh.png,0,2024-01-14-16-01-52,Cao Lanh
D:/UIT/KLTN/train_img/2024-01-14-16-01-52/Chau Doc.png,0,2024-01-14-16-01-52,Chau Doc
D:/UIT/KLTN/train_img/2024-01-14-16-01-52/Con Son.png,0,2024-01-14-16-01-52,Con Son
D:/UIT/KLTN/train_img/2024-01-14-16-01-52/Da Lat.png,0,2024-01-14-16-01-52,Da Lat
D:/UIT/KLTN/train_img/2024-01-14-16-01-52/Da Nang.png,0.55,2024-01-14-16-01-52,Da Nang
D:/UIT/KLTN/train_img/2024-01-14-16-01-52/Di An.png,0,2024-01-14-16-01-52,Di An
D:/UIT/KLTN/train_img/2024-01-14-16-01-52/Dien Bien Phu.png,0,2024-01-14-16-01-52,Dien Bien Phu
D:/UIT/KLTN/train_img/2024-01-14-16-01-52/Dong Ha.png,0,2024-01-14-16-01-52,Dong Ha
D:/UIT/KLTN/train_img/2024-01-14-16-01-52/Dong Hoi.png,0.38,2024-01-14-16-01-52,Dong Hoi
D:/UIT/KLTN/train_img/2024-01-14-16-01-52/Dong Xoai.png,0,2024-01-14-16-01-52,Dong Xoai
D:/UIT/KLTN/train_img/2024-01-14-16-01-52/Ha Tien.png,0,2024-01-14-16-01-52,Ha Tien
D:/UIT/KLTN/train_img/2024-01-14-16-01-52/Ho Chi Minh.png,0,2024-01-14-16-01-52,Ho Chi Minh
D:/UIT/KLTN/train_img/2024-01-14-16-01-52/Hoi An.png,0.38,2024-01-14-16-01-52,Hoi An
D:/UIT/KLTN/train_img/2024-01-14-16-01-52/Hue.png,0,2024-01-14-16-01-52,Hue
D:/UIT/KLTN/train_img/2024-01-14-16-01-52/Kon Tum.png,0,2024-01-14-16-01-52,Kon Tum
D:/UIT/KLTN/train_img/2024-01-14-16-01-52/Lai Chau.png,0,2024-01-14-16-01-52,Lai Chau
D:/UIT/KLTN/train_img/2024-01-14-16-01-52/Long Khanh.png,0,2024-01-14-16-01-52,Long Khanh
D:/UIT/KLTN/train_img/2024-01-14-16-01-52/Long Xuyen.png,0,2024-01-14-16-01-52,Long Xuyen
D:/UIT/KLTN/train_img/2024-01-14-16-01-52/My Tho.png,0,2024-01-14-16-01-52,My Tho
D:/UIT/KLTN/train_img/2024-01-14-16-01-52/Nha Trang.png,0,2024-01-14-16-01-52,Nha Trang
D:/UIT/KLTN/train_img/2024-01-14-16-01-52/Phan Rang - Thap Cham.png,0,2024-01-14-16-01-52,Phan Rang - Thap Cham
D:/UIT/KLTN/train_img/2024-01-14-16-01-52/Phan Thiet.png,0,2024-01-14-16-01-52,Phan Thiet
D:/UIT/KLTN/train_img/2024-01-14-16-01-52/Pleiku.png,0,2024-01-14-16-01-52,Pleiku
D:/UIT/KLTN/train_img/2024-01-14-16-01-52/Quang Ngai.png,0,2024-01-14-16-01-52,Quang Ngai
D:/UIT/KLTN/train_img/2024-01-14-16-01-52/Quy Nhon.png,0.24,2024-01-14-16-01-52,Quy Nhon
D:/UIT/KLTN/train_img/2024-01-14-16-01-52/Rach Gia.png,0,2024-01-14-16-01-52,Rach Gia
D:/UIT/KLTN/train_img/2024-01-14-16-01-52/Sa Dec.png,0,2024-01-14-16-01-52,Sa Dec
D:/UIT/KLTN/train_img/2024-01-14-16-01-52/Soc Trang.png,0,2024-01-14-16-01-52,Soc Trang
D:/UIT/KLTN/train_img/2024-01-14-16-01-52/Soc Trang.png,0,2024-01-14-16-01-52,Soc Trang
D:/UIT/KLTN/train_img/2024-01-14-16-01-52/Son La.png,0,2024-01-14-16-01-52,Son La
D:/UIT/KLTN/train_img/2024-01-14-16-01-52/Tan An.png,0,2024-01-14-16-01-52,Tan An
D:/UIT/KLTN/train_img/2024-01-14-16-01-52/Tay Ninh.png,0,2024-01-14-16-01-52,Tay Ninh
D:/UIT/KLTN/train_img/2024-01-14-16-01-52/Thu Dau Mot.png,0,2024-01-14-16-01-52,Thu Dau Mot
D:/UIT/KLTN/train_img/2024-01-14-16-01-52/Thu Duc.png,0,2024-01-14-16-01-52,Thu Duc
D:/UIT/KLTN/train_img/2024-01-14-16-01-52/Tra Vinh.png,0,2024-01-14-16-01-52,Tra Vinh
D:/UIT/KLTN/train_img/2024-01-14-16-01-52/Tuy Hoa.png,0.12,2024-01-14-16-01-52,Tuy Hoa
D:/UIT/KLTN/train_img/2024-01-14-16-01-52/Vinh Long.png,0,2024-01-14-16-01-52,Vinh Long
D:/UIT/KLTN/train_img/2024-01-14-16-01-52/Vung Tau.png,0,2024-01-14-16-01-52,Vung Tau
D:/UIT/KLTN/train_img/2024-01-14-17-01-51/Ba Ria.png,0,2024-01-14-17-01-51,Ba Ria
D:/UIT/KLTN/train_img/2024-01-14-17-01-51/Bac Lieu.png,0,2024-01-14-17-01-51,Bac Lieu
D:/UIT/KLTN/train_img/2024-01-14-17-01-51/Ben Tre.png,0,2024-01-14-17-01-51,Ben Tre
D:/UIT/KLTN/train_img/2024-01-14-17-01-51/Bien Hoa.png,0,2024-01-14-17-01-51,Bien Hoa
D:/UIT/KLTN/train_img/2024-01-14-17-01-51/Binh Duong.png,0,2024-01-14-17-01-51,Binh Duong
D:/UIT/KLTN/train_img/2024-01-14-17-01-51/Buon Ma Thuot.png,0,2024-01-14-17-01-51,Buon Ma Thuot
D:/UIT/KLTN/train_img/2024-01-14-17-01-51/Ca Mau.png,0,2024-01-14-17-01-51,Ca Mau
D:/UIT/KLTN/train_img/2024-01-14-17-01-51/Cam Ranh.png,0,2024-01-14-17-01-51,Cam Ranh
D:/UIT/KLTN/train_img/2024-01-14-17-01-51/Can Tho.png,0,2024-01-14-17-01-51,Can Tho
D:/UIT/KLTN/train_img/2024-01-14-17-01-51/Cao Lanh.png,0,2024-01-14-17-01-51,Cao Lanh
D:/UIT/KLTN/train_img/2024-01-14-17-01-51/Chau Doc.png,0,2024-01-14-17-01-51,Chau Doc
D:/UIT/KLTN/train_img/2024-01-14-17-01-51/Con Son.png,0,2024-01-14-17-01-51,Con Son
D:/UIT/KLTN/train_img/2024-01-14-17-01-51/Da Lat.png,0,2024-01-14-17-01-51,Da Lat
D:/UIT/KLTN/train_img/2024-01-14-17-01-51/Da Nang.png,0.45,2024-01-14-17-01-51,Da Nang
D:/UIT/KLTN/train_img/2024-01-14-17-01-51/Di An.png,0,2024-01-14-17-01-51,Di An
D:/UIT/KLTN/train_img/2024-01-14-17-01-51/Dien Bien Phu.png,0,2024-01-14-17-01-51,Dien Bien Phu
D:/UIT/KLTN/train_img/2024-01-14-17-01-51/Dong Ha.png,0.12,2024-01-14-17-01-51,Dong Ha
D:/UIT/KLTN/train_img/2024-01-14-17-01-51/Dong Hoi.png,0.43,2024-01-14-17-01-51,Dong Hoi
D:/UIT/KLTN/train_img/2024-01-14-17-01-51/Dong Xoai.png,0,2024-01-14-17-01-51,Dong Xoai
D:/UIT/KLTN/train_img/2024-01-14-17-01-51/Ha Tien.png,0,2024-01-14-17-01-51,Ha Tien
D:/UIT/KLTN/train_img/2024-01-14-17-01-51/Ho Chi Minh.png,0,2024-01-14-17-01-51,Ho Chi Minh
D:/UIT/KLTN/train_img/2024-01-14-17-01-51/Hoi An.png,0.34,2024-01-14-17-01-51,Hoi An
D:/UIT/KLTN/train_img/2024-01-14-17-01-51/Hue.png,0.12,2024-01-14-17-01-51,Hue
D:/UIT/KLTN/train_img/2024-01-14-17-01-51/Kon Tum.png,0,2024-01-14-17-01-51,Kon Tum
D:/UIT/KLTN/train_img/2024-01-14-17-01-51/Lai Chau.png,0,2024-01-14-17-01-51,Lai Chau
D:/UIT/KLTN/train_img/2024-01-14-17-01-51/Long Khanh.png,0,2024-01-14-17-01-51,Long Khanh
D:/UIT/KLTN/train_img/2024-01-14-17-01-51/Long Xuyen.png,0,2024-01-14-17-01-51,Long Xuyen
D:/UIT/KLTN/train_img/2024-01-14-17-01-51/My Tho.png,0,2024-01-14-17-01-51,My Tho
D:/UIT/KLTN/train_img/2024-01-14-17-01-51/Nha Trang.png,0,2024-01-14-17-01-51,Nha Trang
D:/UIT/KLTN/train_img/2024-01-14-17-01-51/Phan Rang - Thap Cham.png,0,2024-01-14-17-01-51,Phan Rang - Thap Cham
D:/UIT/KLTN/train_img/2024-01-14-17-01-51/Phan Thiet.png,0,2024-01-14-17-01-51,Phan Thiet
D:/UIT/KLTN/train_img/2024-01-14-17-01-51/Pleiku.png,0,2024-01-14-17-01-51,Pleiku
D:/UIT/KLTN/train_img/2024-01-14-17-01-51/Quang Ngai.png,0,2024-01-14-17-01-51,Quang Ngai
D:/UIT/KLTN/train_img/2024-01-14-17-01-51/Quy Nhon.png,0.17,2024-01-14-17-01-51,Quy Nhon
D:/UIT/KLTN/train_img/2024-01-14-17-01-51/Rach Gia.png,0,2024-01-14-17-01-51,Rach Gia
D:/UIT/KLTN/train_img/2024-01-14-17-01-51/Sa Dec.png,0,2024-01-14-17-01-51,Sa Dec
D:/UIT/KLTN/train_img/2024-01-14-17-01-51/Soc Trang.png,0,2024-01-14-17-01-51,Soc Trang
D:/UIT/KLTN/train_img/2024-01-14-17-01-51/Soc Trang.png,0,2024-01-14-17-01-51,Soc Trang
D:/UIT/KLTN/train_img/2024-01-14-17-01-51/Son La.png,0,2024-01-14-17-01-51,Son La
D:/UIT/KLTN/train_img/2024-01-14-17-01-51/Tan An.png,0,2024-01-14-17-01-51,Tan An
D:/UIT/KLTN/train_img/2024-01-14-17-01-51/Tay Ninh.png,0,2024-01-14-17-01-51,Tay Ninh
D:/UIT/KLTN/train_img/2024-01-14-17-01-51/Thu Dau Mot.png,0,2024-01-14-17-01-51,Thu Dau Mot
D:/UIT/KLTN/train_img/2024-01-14-17-01-51/Thu Duc.png,0,2024-01-14-17-01-51,Thu Duc
D:/UIT/KLTN/train_img/2024-01-14-17-01-51/Tra Vinh.png,0,2024-01-14-17-01-51,Tra Vinh
D:/UIT/KLTN/train_img/2024-01-14-17-01-51/Tuy Hoa.png,0.17,2024-01-14-17-01-51,Tuy Hoa
D:/UIT/KLTN/train_img/2024-01-14-17-01-51/Vinh Long.png,0,2024-01-14-17-01-51,Vinh Long
D:/UIT/KLTN/train_img/2024-01-14-17-01-51/Vung Tau.png,0,2024-01-14-17-01-51,Vung Tau
D:/UIT/KLTN/train_img/2024-01-14-18-01-55/Ba Ria.png,0,2024-01-14-18-01-55,Ba Ria
D:/UIT/KLTN/train_img/2024-01-14-18-01-55/Bac Lieu.png,0,2024-01-14-18-01-55,Bac Lieu
D:/UIT/KLTN/train_img/2024-01-14-18-01-55/Ben Tre.png,0,2024-01-14-18-01-55,Ben Tre
D:/UIT/KLTN/train_img/2024-01-14-18-01-55/Bien Hoa.png,0,2024-01-14-18-01-55,Bien Hoa
D:/UIT/KLTN/train_img/2024-01-14-18-01-55/Binh Duong.png,0,2024-01-14-18-01-55,Binh Duong
D:/UIT/KLTN/train_img/2024-01-14-18-01-55/Buon Ma Thuot.png,0,2024-01-14-18-01-55,Buon Ma Thuot
D:/UIT/KLTN/train_img/2024-01-14-18-01-55/Ca Mau.png,0,2024-01-14-18-01-55,Ca Mau
D:/UIT/KLTN/train_img/2024-01-14-18-01-55/Cam Ranh.png,0,2024-01-14-18-01-55,Cam Ranh
D:/UIT/KLTN/train_img/2024-01-14-18-01-55/Can Tho.png,0,2024-01-14-18-01-55,Can Tho
D:/UIT/KLTN/train_img/2024-01-14-18-01-55/Cao Lanh.png,0,2024-01-14-18-01-55,Cao Lanh
D:/UIT/KLTN/train_img/2024-01-14-18-01-55/Chau Doc.png,0,2024-01-14-18-01-55,Chau Doc
D:/UIT/KLTN/train_img/2024-01-14-18-01-55/Con Son.png,0,2024-01-14-18-01-55,Con Son
D:/UIT/KLTN/train_img/2024-01-14-18-01-55/Da Lat.png,0,2024-01-14-18-01-55,Da Lat
D:/UIT/KLTN/train_img/2024-01-14-18-01-55/Da Nang.png,0.27,2024-01-14-18-01-55,Da Nang
D:/UIT/KLTN/train_img/2024-01-14-18-01-55/Di An.png,0,2024-01-14-18-01-55,Di An
D:/UIT/KLTN/train_img/2024-01-14-18-01-55/Dien Bien Phu.png,0,2024-01-14-18-01-55,Dien Bien Phu
D:/UIT/KLTN/train_img/2024-01-14-18-01-55/Dong Ha.png,0.15,2024-01-14-18-01-55,Dong Ha
D:/UIT/KLTN/train_img/2024-01-14-18-01-55/Dong Hoi.png,0.41,2024-01-14-18-01-55,Dong Hoi
D:/UIT/KLTN/train_img/2024-01-14-18-01-55/Dong Xoai.png,0,2024-01-14-18-01-55,Dong Xoai
D:/UIT/KLTN/train_img/2024-01-14-18-01-55/Ha Tien.png,0,2024-01-14-18-01-55,Ha Tien
D:/UIT/KLTN/train_img/2024-01-14-18-01-55/Ho Chi Minh.png,0,2024-01-14-18-01-55,Ho Chi Minh
D:/UIT/KLTN/train_img/2024-01-14-18-01-55/Hoi An.png,0.25,2024-01-14-18-01-55,Hoi An
D:/UIT/KLTN/train_img/2024-01-14-18-01-55/Hue.png,0,2024-01-14-18-01-55,Hue
D:/UIT/KLTN/train_img/2024-01-14-18-01-55/Kon Tum.png,0,2024-01-14-18-01-55,Kon Tum
D:/UIT/KLTN/train_img/2024-01-14-18-01-55/Lai Chau.png,0,2024-01-14-18-01-55,Lai Chau
D:/UIT/KLTN/train_img/2024-01-14-18-01-55/Long Khanh.png,0,2024-01-14-18-01-55,Long Khanh
D:/UIT/KLTN/train_img/2024-01-14-18-01-55/Long Xuyen.png,0,2024-01-14-18-01-55,Long Xuyen
D:/UIT/KLTN/train_img/2024-01-14-18-01-55/My Tho.png,0,2024-01-14-18-01-55,My Tho
D:/UIT/KLTN/train_img/2024-01-14-18-01-55/Nha Trang.png,0,2024-01-14-18-01-55,Nha Trang
D:/UIT/KLTN/train_img/2024-01-14-18-01-55/Phan Rang - Thap Cham.png,0,2024-01-14-18-01-55,Phan Rang - Thap Cham
D:/UIT/KLTN/train_img/2024-01-14-18-01-55/Phan Thiet.png,0,2024-01-14-18-01-55,Phan Thiet
D:/UIT/KLTN/train_img/2024-01-14-18-01-55/Pleiku.png,0,2024-01-14-18-01-55,Pleiku
D:/UIT/KLTN/train_img/2024-01-14-18-01-55/Quang Ngai.png,0,2024-01-14-18-01-55,Quang Ngai
D:/UIT/KLTN/train_img/2024-01-14-18-01-55/Quy Nhon.png,0.12,2024-01-14-18-01-55,Quy Nhon
D:/UIT/KLTN/train_img/2024-01-14-18-01-55/Rach Gia.png,0,2024-01-14-18-01-55,Rach Gia
D:/UIT/KLTN/train_img/2024-01-14-18-01-55/Sa Dec.png,0,2024-01-14-18-01-55,Sa Dec
D:/UIT/KLTN/train_img/2024-01-14-18-01-55/Soc Trang.png,0,2024-01-14-18-01-55,Soc Trang
D:/UIT/KLTN/train_img/2024-01-14-18-01-55/Soc Trang.png,0,2024-01-14-18-01-55,Soc Trang
D:/UIT/KLTN/train_img/2024-01-14-18-01-55/Son La.png,0,2024-01-14-18-01-55,Son La
D:/UIT/KLTN/train_img/2024-01-14-18-01-55/Tan An.png,0,2024-01-14-18-01-55,Tan An
D:/UIT/KLTN/train_img/2024-01-14-18-01-55/Tay Ninh.png,0,2024-01-14-18-01-55,Tay Ninh
D:/UIT/KLTN/train_img/2024-01-14-18-01-55/Thu Dau Mot.png,0,2024-01-14-18-01-55,Thu Dau Mot
D:/UIT/KLTN/train_img/2024-01-14-18-01-55/Thu Duc.png,0,2024-01-14-18-01-55,Thu Duc
D:/UIT/KLTN/train_img/2024-01-14-18-01-55/Tra Vinh.png,0,2024-01-14-18-01-55,Tra Vinh
D:/UIT/KLTN/train_img/2024-01-14-18-01-55/Tuy Hoa.png,0.13,2024-01-14-18-01-55,Tuy Hoa
D:/UIT/KLTN/train_img/2024-01-14-18-01-55/Vinh Long.png,0,2024-01-14-18-01-55,Vinh Long
D:/UIT/KLTN/train_img/2024-01-14-18-01-55/Vung Tau.png,0,2024-01-14-18-01-55,Vung Tau
D:/UIT/KLTN/train_img/2024-01-14-20-01-51/Ba Ria.png,0,2024-01-14-20-01-51,Ba Ria
D:/UIT/KLTN/train_img/2024-01-14-20-01-51/Bac Lieu.png,0,2024-01-14-20-01-51,Bac Lieu
D:/UIT/KLTN/train_img/2024-01-14-20-01-51/Ben Tre.png,0,2024-01-14-20-01-51,Ben Tre
D:/UIT/KLTN/train_img/2024-01-14-20-01-51/Bien Hoa.png,0,2024-01-14-20-01-51,Bien Hoa
D:/UIT/KLTN/train_img/2024-01-14-20-01-51/Binh Duong.png,0,2024-01-14-20-01-51,Binh Duong
D:/UIT/KLTN/train_img/2024-01-14-20-01-51/Buon Ma Thuot.png,0,2024-01-14-20-01-51,Buon Ma Thuot
D:/UIT/KLTN/train_img/2024-01-14-20-01-51/Ca Mau.png,0,2024-01-14-20-01-51,Ca Mau
D:/UIT/KLTN/train_img/2024-01-14-20-01-51/Cam Ranh.png,0,2024-01-14-20-01-51,Cam Ranh
D:/UIT/KLTN/train_img/2024-01-14-20-01-51/Can Tho.png,0,2024-01-14-20-01-51,Can Tho
D:/UIT/KLTN/train_img/2024-01-14-20-01-51/Cao Lanh.png,0,2024-01-14-20-01-51,Cao Lanh
D:/UIT/KLTN/train_img/2024-01-14-20-01-51/Chau Doc.png,0,2024-01-14-20-01-51,Chau Doc
D:/UIT/KLTN/train_img/2024-01-14-20-01-51/Con Son.png,0,2024-01-14-20-01-51,Con Son
D:/UIT/KLTN/train_img/2024-01-14-20-01-51/Da Lat.png,0,2024-01-14-20-01-51,Da Lat
D:/UIT/KLTN/train_img/2024-01-14-20-01-51/Da Nang.png,0,2024-01-14-20-01-51,Da Nang
D:/UIT/KLTN/train_img/2024-01-14-20-01-51/Di An.png,0,2024-01-14-20-01-51,Di An
D:/UIT/KLTN/train_img/2024-01-14-20-01-51/Dien Bien Phu.png,0,2024-01-14-20-01-51,Dien Bien Phu
D:/UIT/KLTN/train_img/2024-01-14-20-01-51/Dong Ha.png,0,2024-01-14-20-01-51,Dong Ha
D:/UIT/KLTN/train_img/2024-01-14-20-01-51/Dong Hoi.png,0,2024-01-14-20-01-51,Dong Hoi
D:/UIT/KLTN/train_img/2024-01-14-20-01-51/Dong Xoai.png,0,2024-01-14-20-01-51,Dong Xoai
D:/UIT/KLTN/train_img/2024-01-14-20-01-51/Ha Tien.png,0,2024-01-14-20-01-51,Ha Tien
D:/UIT/KLTN/train_img/2024-01-14-20-01-51/Ho Chi Minh.png,0,2024-01-14-20-01-51,Ho Chi Minh
D:/UIT/KLTN/train_img/2024-01-14-20-01-51/Hoi An.png,0,2024-01-14-20-01-51,Hoi An
D:/UIT/KLTN/train_img/2024-01-14-20-01-51/Hue.png,0,2024-01-14-20-01-51,Hue
D:/UIT/KLTN/train_img/2024-01-14-20-01-51/Kon Tum.png,0,2024-01-14-20-01-51,Kon Tum
D:/UIT/KLTN/train_img/2024-01-14-20-01-51/Lai Chau.png,0,2024-01-14-20-01-51,Lai Chau
D:/UIT/KLTN/train_img/2024-01-14-20-01-51/Long Khanh.png,0,2024-01-14-20-01-51,Long Khanh
D:/UIT/KLTN/train_img/2024-01-14-20-01-51/Long Xuyen.png,0,2024-01-14-20-01-51,Long Xuyen
D:/UIT/KLTN/train_img/2024-01-14-20-01-51/My Tho.png,0,2024-01-14-20-01-51,My Tho
D:/UIT/KLTN/train_img/2024-01-14-20-01-51/Nha Trang.png,0,2024-01-14-20-01-51,Nha Trang
D:/UIT/KLTN/train_img/2024-01-14-20-01-51/Phan Rang - Thap Cham.png,0,2024-01-14-20-01-51,Phan Rang - Thap Cham
D:/UIT/KLTN/train_img/2024-01-14-20-01-51/Phan Thiet.png,0,2024-01-14-20-01-51,Phan Thiet
D:/UIT/KLTN/train_img/2024-01-14-20-01-51/Pleiku.png,0,2024-01-14-20-01-51,Pleiku
D:/UIT/KLTN/train_img/2024-01-14-20-01-51/Quang Ngai.png,0,2024-01-14-20-01-51,Quang Ngai
D:/UIT/KLTN/train_img/2024-01-14-20-01-51/Quy Nhon.png,0,2024-01-14-20-01-51,Quy Nhon
D:/UIT/KLTN/train_img/2024-01-14-20-01-51/Rach Gia.png,0,2024-01-14-20-01-51,Rach Gia
D:/UIT/KLTN/train_img/2024-01-14-20-01-51/Sa Dec.png,0,2024-01-14-20-01-51,Sa Dec
D:/UIT/KLTN/train_img/2024-01-14-20-01-51/Soc Trang.png,0,2024-01-14-20-01-51,Soc Trang
D:/UIT/KLTN/train_img/2024-01-14-20-01-51/Soc Trang.png,0,2024-01-14-20-01-51,Soc Trang
D:/UIT/KLTN/train_img/2024-01-14-20-01-51/Son La.png,0,2024-01-14-20-01-51,Son La
D:/UIT/KLTN/train_img/2024-01-14-20-01-51/Tan An.png,0,2024-01-14-20-01-51,Tan An
D:/UIT/KLTN/train_img/2024-01-14-20-01-51/Tay Ninh.png,0,2024-01-14-20-01-51,Tay Ninh
D:/UIT/KLTN/train_img/2024-01-14-20-01-51/Thu Dau Mot.png,0,2024-01-14-20-01-51,Thu Dau Mot
D:/UIT/KLTN/train_img/2024-01-14-20-01-51/Thu Duc.png,0,2024-01-14-20-01-51,Thu Duc
D:/UIT/KLTN/train_img/2024-01-14-20-01-51/Tra Vinh.png,0,2024-01-14-20-01-51,Tra Vinh
D:/UIT/KLTN/train_img/2024-01-14-20-01-51/Tuy Hoa.png,0,2024-01-14-20-01-51,Tuy Hoa
D:/UIT/KLTN/train_img/2024-01-14-20-01-51/Vinh Long.png,0,2024-01-14-20-01-51,Vinh Long
D:/UIT/KLTN/train_img/2024-01-14-20-01-51/Vung Tau.png,0,2024-01-14-20-01-51,Vung Tau
D:/UIT/KLTN/train_img/2024-01-14-21-01-52/Ba Ria.png,0,2024-01-14-21-01-52,Ba Ria
D:/UIT/KLTN/train_img/2024-01-14-21-01-52/Bac Lieu.png,0,2024-01-14-21-01-52,Bac Lieu
D:/UIT/KLTN/train_img/2024-01-14-21-01-52/Ben Tre.png,0,2024-01-14-21-01-52,Ben Tre
D:/UIT/KLTN/train_img/2024-01-14-21-01-52/Bien Hoa.png,0,2024-01-14-21-01-52,Bien Hoa
D:/UIT/KLTN/train_img/2024-01-14-21-01-52/Binh Duong.png,0,2024-01-14-21-01-52,Binh Duong
D:/UIT/KLTN/train_img/2024-01-14-21-01-52/Buon Ma Thuot.png,0,2024-01-14-21-01-52,Buon Ma Thuot
D:/UIT/KLTN/train_img/2024-01-14-21-01-52/Ca Mau.png,0,2024-01-14-21-01-52,Ca Mau
D:/UIT/KLTN/train_img/2024-01-14-21-01-52/Cam Ranh.png,0,2024-01-14-21-01-52,Cam Ranh
D:/UIT/KLTN/train_img/2024-01-14-21-01-52/Can Tho.png,0,2024-01-14-21-01-52,Can Tho
D:/UIT/KLTN/train_img/2024-01-14-21-01-52/Cao Lanh.png,0,2024-01-14-21-01-52,Cao Lanh
D:/UIT/KLTN/train_img/2024-01-14-21-01-52/Chau Doc.png,0,2024-01-14-21-01-52,Chau Doc
D:/UIT/KLTN/train_img/2024-01-14-21-01-52/Con Son.png,0,2024-01-14-21-01-52,Con Son
D:/UIT/KLTN/train_img/2024-01-14-21-01-52/Da Lat.png,0,2024-01-14-21-01-52,Da Lat
D:/UIT/KLTN/train_img/2024-01-14-21-01-52/Da Nang.png,0,2024-01-14-21-01-52,Da Nang
D:/UIT/KLTN/train_img/2024-01-14-21-01-52/Di An.png,0,2024-01-14-21-01-52,Di An
D:/UIT/KLTN/train_img/2024-01-14-21-01-52/Dien Bien Phu.png,0,2024-01-14-21-01-52,Dien Bien Phu
D:/UIT/KLTN/train_img/2024-01-14-21-01-52/Dong Ha.png,0,2024-01-14-21-01-52,Dong Ha
D:/UIT/KLTN/train_img/2024-01-14-21-01-52/Dong Hoi.png,0,2024-01-14-21-01-52,Dong Hoi
D:/UIT/KLTN/train_img/2024-01-14-21-01-52/Dong Xoai.png,0,2024-01-14-21-01-52,Dong Xoai
D:/UIT/KLTN/train_img/2024-01-14-21-01-52/Ha Tien.png,0,2024-01-14-21-01-52,Ha Tien
D:/UIT/KLTN/train_img/2024-01-14-21-01-52/Ho Chi Minh.png,0,2024-01-14-21-01-52,Ho Chi Minh
D:/UIT/KLTN/train_img/2024-01-14-21-01-52/Hoi An.png,0,2024-01-14-21-01-52,Hoi An
D:/UIT/KLTN/train_img/2024-01-14-21-01-52/Hue.png,0,2024-01-14-21-01-52,Hue
D:/UIT/KLTN/train_img/2024-01-14-21-01-52/Kon Tum.png,0,2024-01-14-21-01-52,Kon Tum
D:/UIT/KLTN/train_img/2024-01-14-21-01-52/Lai Chau.png,0,2024-01-14-21-01-52,Lai Chau
D:/UIT/KLTN/train_img/2024-01-14-21-01-52/Long Khanh.png,0,2024-01-14-21-01-52,Long Khanh
D:/UIT/KLTN/train_img/2024-01-14-21-01-52/Long Xuyen.png,0,2024-01-14-21-01-52,Long Xuyen
D:/UIT/KLTN/train_img/2024-01-14-21-01-52/My Tho.png,0,2024-01-14-21-01-52,My Tho
D:/UIT/KLTN/train_img/2024-01-14-21-01-52/Nha Trang.png,0,2024-01-14-21-01-52,Nha Trang
D:/UIT/KLTN/train_img/2024-01-14-21-01-52/Phan Rang - Thap Cham.png,0,2024-01-14-21-01-52,Phan Rang - Thap Cham
D:/UIT/KLTN/train_img/2024-01-14-21-01-52/Phan Thiet.png,0,2024-01-14-21-01-52,Phan Thiet
D:/UIT/KLTN/train_img/2024-01-14-21-01-52/Pleiku.png,0,2024-01-14-21-01-52,Pleiku
D:/UIT/KLTN/train_img/2024-01-14-21-01-52/Quang Ngai.png,0,2024-01-14-21-01-52,Quang Ngai
D:/UIT/KLTN/train_img/2024-01-14-21-01-52/Quy Nhon.png,0,2024-01-14-21-01-52,Quy Nhon
D:/UIT/KLTN/train_img/2024-01-14-21-01-52/Rach Gia.png,0,2024-01-14-21-01-52,Rach Gia
D:/UIT/KLTN/train_img/2024-01-14-21-01-52/Sa Dec.png,0,2024-01-14-21-01-52,Sa Dec
D:/UIT/KLTN/train_img/2024-01-14-21-01-52/Soc Trang.png,0,2024-01-14-21-01-52,Soc Trang
D:/UIT/KLTN/train_img/2024-01-14-21-01-52/Soc Trang.png,0,2024-01-14-21-01-52,Soc Trang
D:/UIT/KLTN/train_img/2024-01-14-21-01-52/Son La.png,0,2024-01-14-21-01-52,Son La
D:/UIT/KLTN/train_img/2024-01-14-21-01-52/Tan An.png,0,2024-01-14-21-01-52,Tan An
D:/UIT/KLTN/train_img/2024-01-14-21-01-52/Tay Ninh.png,0,2024-01-14-21-01-52,Tay Ninh
D:/UIT/KLTN/train_img/2024-01-14-21-01-52/Thu Dau Mot.png,0,2024-01-14-21-01-52,Thu Dau Mot
D:/UIT/KLTN/train_img/2024-01-14-21-01-52/Thu Duc.png,0,2024-01-14-21-01-52,Thu Duc
D:/UIT/KLTN/train_img/2024-01-14-21-01-52/Tra Vinh.png,0,2024-01-14-21-01-52,Tra Vinh
D:/UIT/KLTN/train_img/2024-01-14-21-01-52/Tuy Hoa.png,0,2024-01-14-21-01-52,Tuy Hoa
D:/UIT/KLTN/train_img/2024-01-14-21-01-52/Vinh Long.png,0,2024-01-14-21-01-52,Vinh Long
D:/UIT/KLTN/train_img/2024-01-14-21-01-52/Vung Tau.png,0,2024-01-14-21-01-52,Vung Tau
D:/UIT/KLTN/train_img/2024-01-14-22-01-52/Ba Ria.png,0,2024-01-14-22-01-52,Ba Ria
D:/UIT/KLTN/train_img/2024-01-14-22-01-52/Bac Lieu.png,0,2024-01-14-22-01-52,Bac Lieu
D:/UIT/KLTN/train_img/2024-01-14-22-01-52/Ben Tre.png,0,2024-01-14-22-01-52,Ben Tre
D:/UIT/KLTN/train_img/2024-01-14-22-01-52/Bien Hoa.png,0,2024-01-14-22-01-52,Bien Hoa
D:/UIT/KLTN/train_img/2024-01-14-22-01-52/Binh Duong.png,0,2024-01-14-22-01-52,Binh Duong
D:/UIT/KLTN/train_img/2024-01-14-22-01-52/Buon Ma Thuot.png,0,2024-01-14-22-01-52,Buon Ma Thuot
D:/UIT/KLTN/train_img/2024-01-14-22-01-52/Ca Mau.png,0,2024-01-14-22-01-52,Ca Mau
D:/UIT/KLTN/train_img/2024-01-14-22-01-52/Cam Ranh.png,0,2024-01-14-22-01-52,Cam Ranh
D:/UIT/KLTN/train_img/2024-01-14-22-01-52/Can Tho.png,0,2024-01-14-22-01-52,Can Tho
D:/UIT/KLTN/train_img/2024-01-14-22-01-52/Cao Lanh.png,0,2024-01-14-22-01-52,Cao Lanh
D:/UIT/KLTN/train_img/2024-01-14-22-01-52/Chau Doc.png,0,2024-01-14-22-01-52,Chau Doc
D:/UIT/KLTN/train_img/2024-01-14-22-01-52/Con Son.png,0,2024-01-14-22-01-52,Con Son
D:/UIT/KLTN/train_img/2024-01-14-22-01-52/Da Lat.png,0,2024-01-14-22-01-52,Da Lat
D:/UIT/KLTN/train_img/2024-01-14-22-01-52/Da Nang.png,0,2024-01-14-22-01-52,Da Nang
D:/UIT/KLTN/train_img/2024-01-14-22-01-52/Di An.png,0,2024-01-14-22-01-52,Di An
D:/UIT/KLTN/train_img/2024-01-14-22-01-52/Dien Bien Phu.png,0,2024-01-14-22-01-52,Dien Bien Phu
D:/UIT/KLTN/train_img/2024-01-14-22-01-52/Dong Ha.png,0,2024-01-14-22-01-52,Dong Ha
D:/UIT/KLTN/train_img/2024-01-14-22-01-52/Dong Hoi.png,0,2024-01-14-22-01-52,Dong Hoi
D:/UIT/KLTN/train_img/2024-01-14-22-01-52/Dong Xoai.png,0,2024-01-14-22-01-52,Dong Xoai
D:/UIT/KLTN/train_img/2024-01-14-22-01-52/Ha Tien.png,0,2024-01-14-22-01-52,Ha Tien
D:/UIT/KLTN/train_img/2024-01-14-22-01-52/Ho Chi Minh.png,0,2024-01-14-22-01-52,Ho Chi Minh
D:/UIT/KLTN/train_img/2024-01-14-22-01-52/Hoi An.png,0,2024-01-14-22-01-52,Hoi An
D:/UIT/KLTN/train_img/2024-01-14-22-01-52/Hue.png,0,2024-01-14-22-01-52,Hue
D:/UIT/KLTN/train_img/2024-01-14-22-01-52/Kon Tum.png,0,2024-01-14-22-01-52,Kon Tum
D:/UIT/KLTN/train_img/2024-01-14-22-01-52/Lai Chau.png,0,2024-01-14-22-01-52,Lai Chau
D:/UIT/KLTN/train_img/2024-01-14-22-01-52/Long Khanh.png,0,2024-01-14-22-01-52,Long Khanh
D:/UIT/KLTN/train_img/2024-01-14-22-01-52/Long Xuyen.png,0,2024-01-14-22-01-52,Long Xuyen
D:/UIT/KLTN/train_img/2024-01-14-22-01-52/My Tho.png,0,2024-01-14-22-01-52,My Tho
D:/UIT/KLTN/train_img/2024-01-14-22-01-52/Nha Trang.png,0,2024-01-14-22-01-52,Nha Trang
D:/UIT/KLTN/train_img/2024-01-14-22-01-52/Phan Rang - Thap Cham.png,0,2024-01-14-22-01-52,Phan Rang - Thap Cham
D:/UIT/KLTN/train_img/2024-01-14-22-01-52/Phan Thiet.png,0,2024-01-14-22-01-52,Phan Thiet
D:/UIT/KLTN/train_img/2024-01-14-22-01-52/Pleiku.png,0,2024-01-14-22-01-52,Pleiku
D:/UIT/KLTN/train_img/2024-01-14-22-01-52/Quang Ngai.png,0,2024-01-14-22-01-52,Quang Ngai
D:/UIT/KLTN/train_img/2024-01-14-22-01-52/Quy Nhon.png,0,2024-01-14-22-01-52,Quy Nhon
D:/UIT/KLTN/train_img/2024-01-14-22-01-52/Rach Gia.png,0,2024-01-14-22-01-52,Rach Gia
D:/UIT/KLTN/train_img/2024-01-14-22-01-52/Sa Dec.png,0,2024-01-14-22-01-52,Sa Dec
D:/UIT/KLTN/train_img/2024-01-14-22-01-52/Soc Trang.png,0,2024-01-14-22-01-52,Soc Trang
D:/UIT/KLTN/train_img/2024-01-14-22-01-52/Soc Trang.png,0,2024-01-14-22-01-52,Soc Trang
D:/UIT/KLTN/train_img/2024-01-14-22-01-52/Son La.png,0,2024-01-14-22-01-52,Son La
D:/UIT/KLTN/train_img/2024-01-14-22-01-52/Tan An.png,0,2024-01-14-22-01-52,Tan An
D:/UIT/KLTN/train_img/2024-01-14-22-01-52/Tay Ninh.png,0,2024-01-14-22-01-52,Tay Ninh
D:/UIT/KLTN/train_img/2024-01-14-22-01-52/Thu Dau Mot.png,0,2024-01-14-22-01-52,Thu Dau Mot
D:/UIT/KLTN/train_img/2024-01-14-22-01-52/Thu Duc.png,0,2024-01-14-22-01-52,Thu Duc
D:/UIT/KLTN/train_img/2024-01-14-22-01-52/Tra Vinh.png,0,2024-01-14-22-01-52,Tra Vinh
D:/UIT/KLTN/train_img/2024-01-14-22-01-52/Tuy Hoa.png,0,2024-01-14-22-01-52,Tuy Hoa
D:/UIT/KLTN/train_img/2024-01-14-22-01-52/Vinh Long.png,0,2024-01-14-22-01-52,Vinh Long
D:/UIT/KLTN/train_img/2024-01-14-22-01-52/Vung Tau.png,0,2024-01-14-22-01-52,Vung Tau
D:/UIT/KLTN/train_img/2024-01-14-23-01-51/Ba Ria.png,0,2024-01-14-23-01-51,Ba Ria
D:/UIT/KLTN/train_img/2024-01-14-23-01-51/Bac Lieu.png,0,2024-01-14-23-01-51,Bac Lieu
D:/UIT/KLTN/train_img/2024-01-14-23-01-51/Ben Tre.png,0,2024-01-14-23-01-51,Ben Tre
D:/UIT/KLTN/train_img/2024-01-14-23-01-51/Bien Hoa.png,0,2024-01-14-23-01-51,Bien Hoa
D:/UIT/KLTN/train_img/2024-01-14-23-01-51/Binh Duong.png,0,2024-01-14-23-01-51,Binh Duong
D:/UIT/KLTN/train_img/2024-01-14-23-01-51/Buon Ma Thuot.png,0,2024-01-14-23-01-51,Buon Ma Thuot
D:/UIT/KLTN/train_img/2024-01-14-23-01-51/Ca Mau.png,0,2024-01-14-23-01-51,Ca Mau
D:/UIT/KLTN/train_img/2024-01-14-23-01-51/Cam Ranh.png,0,2024-01-14-23-01-51,Cam Ranh
D:/UIT/KLTN/train_img/2024-01-14-23-01-51/Can Tho.png,0,2024-01-14-23-01-51,Can Tho
D:/UIT/KLTN/train_img/2024-01-14-23-01-51/Cao Lanh.png,0,2024-01-14-23-01-51,Cao Lanh
D:/UIT/KLTN/train_img/2024-01-14-23-01-51/Chau Doc.png,0,2024-01-14-23-01-51,Chau Doc
D:/UIT/KLTN/train_img/2024-01-14-23-01-51/Con Son.png,0,2024-01-14-23-01-51,Con Son
D:/UIT/KLTN/train_img/2024-01-14-23-01-51/Da Lat.png,0,2024-01-14-23-01-51,Da Lat
D:/UIT/KLTN/train_img/2024-01-14-23-01-51/Da Nang.png,0,2024-01-14-23-01-51,Da Nang
D:/UIT/KLTN/train_img/2024-01-14-23-01-51/Di An.png,0,2024-01-14-23-01-51,Di An
D:/UIT/KLTN/train_img/2024-01-14-23-01-51/Dien Bien Phu.png,0,2024-01-14-23-01-51,Dien Bien Phu
D:/UIT/KLTN/train_img/2024-01-14-23-01-51/Dong Ha.png,0,2024-01-14-23-01-51,Dong Ha
D:/UIT/KLTN/train_img/2024-01-14-23-01-51/Dong Hoi.png,0,2024-01-14-23-01-51,Dong Hoi
D:/UIT/KLTN/train_img/2024-01-14-23-01-51/Dong Xoai.png,0,2024-01-14-23-01-51,Dong Xoai
D:/UIT/KLTN/train_img/2024-01-14-23-01-51/Ha Tien.png,0,2024-01-14-23-01-51,Ha Tien
D:/UIT/KLTN/train_img/2024-01-14-23-01-51/Ho Chi Minh.png,0,2024-01-14-23-01-51,Ho Chi Minh
D:/UIT/KLTN/train_img/2024-01-14-23-01-51/Hoi An.png,0,2024-01-14-23-01-51,Hoi An
D:/UIT/KLTN/train_img/2024-01-14-23-01-51/Hue.png,0,2024-01-14-23-01-51,Hue
D:/UIT/KLTN/train_img/2024-01-14-23-01-51/Kon Tum.png,0,2024-01-14-23-01-51,Kon Tum
D:/UIT/KLTN/train_img/2024-01-14-23-01-51/Lai Chau.png,0,2024-01-14-23-01-51,Lai Chau
D:/UIT/KLTN/train_img/2024-01-14-23-01-51/Long Khanh.png,0,2024-01-14-23-01-51,Long Khanh
D:/UIT/KLTN/train_img/2024-01-14-23-01-51/Long Xuyen.png,0,2024-01-14-23-01-51,Long Xuyen
D:/UIT/KLTN/train_img/2024-01-14-23-01-51/My Tho.png,0,2024-01-14-23-01-51,My Tho
D:/UIT/KLTN/train_img/2024-01-14-23-01-51/Nha Trang.png,0,2024-01-14-23-01-51,Nha Trang
D:/UIT/KLTN/train_img/2024-01-14-23-01-51/Phan Rang - Thap Cham.png,0,2024-01-14-23-01-51,Phan Rang - Thap Cham
D:/UIT/KLTN/train_img/2024-01-14-23-01-51/Phan Thiet.png,0,2024-01-14-23-01-51,Phan Thiet
D:/UIT/KLTN/train_img/2024-01-14-23-01-51/Pleiku.png,0,2024-01-14-23-01-51,Pleiku
D:/UIT/KLTN/train_img/2024-01-14-23-01-51/Quang Ngai.png,0,2024-01-14-23-01-51,Quang Ngai
D:/UIT/KLTN/train_img/2024-01-14-23-01-51/Quy Nhon.png,0,2024-01-14-23-01-51,Quy Nhon
D:/UIT/KLTN/train_img/2024-01-14-23-01-51/Rach Gia.png,0,2024-01-14-23-01-51,Rach Gia
D:/UIT/KLTN/train_img/2024-01-14-23-01-51/Sa Dec.png,0,2024-01-14-23-01-51,Sa Dec
D:/UIT/KLTN/train_img/2024-01-14-23-01-51/Soc Trang.png,0,2024-01-14-23-01-51,Soc Trang
D:/UIT/KLTN/train_img/2024-01-14-23-01-51/Soc Trang.png,0,2024-01-14-23-01-51,Soc Trang
D:/UIT/KLTN/train_img/2024-01-14-23-01-51/Son La.png,0,2024-01-14-23-01-51,Son La
D:/UIT/KLTN/train_img/2024-01-14-23-01-51/Tan An.png,0,2024-01-14-23-01-51,Tan An
D:/UIT/KLTN/train_img/2024-01-14-23-01-51/Tay Ninh.png,0,2024-01-14-23-01-51,Tay Ninh
D:/UIT/KLTN/train_img/2024-01-14-23-01-51/Thu Dau Mot.png,0,2024-01-14-23-01-51,Thu Dau Mot
D:/UIT/KLTN/train_img/2024-01-14-23-01-51/Thu Duc.png,0,2024-01-14-23-01-51,Thu Duc
D:/UIT/KLTN/train_img/2024-01-14-23-01-51/Tra Vinh.png,0,2024-01-14-23-01-51,Tra Vinh
D:/UIT/KLTN/train_img/2024-01-14-23-01-51/Tuy Hoa.png,0.18,2024-01-14-23-01-51,Tuy Hoa
D:/UIT/KLTN/train_img/2024-01-14-23-01-51/Vinh Long.png,0,2024-01-14-23-01-51,Vinh Long
D:/UIT/KLTN/train_img/2024-01-14-23-01-51/Vung Tau.png,0,2024-01-14-23-01-51,Vung Tau
D:/UIT/KLTN/train_img/2024-01-15-00-01-53/Ba Ria.png,0,2024-01-15-00-01-53,Ba Ria
D:/UIT/KLTN/train_img/2024-01-15-00-01-53/Bac Lieu.png,0,2024-01-15-00-01-53,Bac Lieu
D:/UIT/KLTN/train_img/2024-01-15-00-01-53/Ben Tre.png,0,2024-01-15-00-01-53,Ben Tre
D:/UIT/KLTN/train_img/2024-01-15-00-01-53/Bien Hoa.png,0,2024-01-15-00-01-53,Bien Hoa
D:/UIT/KLTN/train_img/2024-01-15-00-01-53/Binh Duong.png,0,2024-01-15-00-01-53,Binh Duong
D:/UIT/KLTN/train_img/2024-01-15-00-01-53/Buon Ma Thuot.png,0,2024-01-15-00-01-53,Buon Ma Thuot
D:/UIT/KLTN/train_img/2024-01-15-00-01-53/Ca Mau.png,0,2024-01-15-00-01-53,Ca Mau
D:/UIT/KLTN/train_img/2024-01-15-00-01-53/Cam Ranh.png,0,2024-01-15-00-01-53,Cam Ranh
D:/UIT/KLTN/train_img/2024-01-15-00-01-53/Can Tho.png,0,2024-01-15-00-01-53,Can Tho
D:/UIT/KLTN/train_img/2024-01-15-00-01-53/Cao Lanh.png,0,2024-01-15-00-01-53,Cao Lanh
D:/UIT/KLTN/train_img/2024-01-15-00-01-53/Chau Doc.png,0,2024-01-15-00-01-53,Chau Doc
D:/UIT/KLTN/train_img/2024-01-15-00-01-53/Con Son.png,0,2024-01-15-00-01-53,Con Son
D:/UIT/KLTN/train_img/2024-01-15-00-01-53/Da Lat.png,0,2024-01-15-00-01-53,Da Lat
D:/UIT/KLTN/train_img/2024-01-15-00-01-53/Da Nang.png,0,2024-01-15-00-01-53,Da Nang
D:/UIT/KLTN/train_img/2024-01-15-00-01-53/Di An.png,0,2024-01-15-00-01-53,Di An
D:/UIT/KLTN/train_img/2024-01-15-00-01-53/Dien Bien Phu.png,0,2024-01-15-00-01-53,Dien Bien Phu
D:/UIT/KLTN/train_img/2024-01-15-00-01-53/Dong Ha.png,0,2024-01-15-00-01-53,Dong Ha
D:/UIT/KLTN/train_img/2024-01-15-00-01-53/Dong Hoi.png,0,2024-01-15-00-01-53,Dong Hoi
D:/UIT/KLTN/train_img/2024-01-15-00-01-53/Dong Xoai.png,0,2024-01-15-00-01-53,Dong Xoai
D:/UIT/KLTN/train_img/2024-01-15-00-01-53/Ha Tien.png,0,2024-01-15-00-01-53,Ha Tien
D:/UIT/KLTN/train_img/2024-01-15-00-01-53/Ho Chi Minh.png,0,2024-01-15-00-01-53,Ho Chi Minh
D:/UIT/KLTN/train_img/2024-01-15-00-01-53/Hoi An.png,0,2024-01-15-00-01-53,Hoi An
D:/UIT/KLTN/train_img/2024-01-15-00-01-53/Hue.png,0,2024-01-15-00-01-53,Hue
D:/UIT/KLTN/train_img/2024-01-15-00-01-53/Kon Tum.png,0,2024-01-15-00-01-53,Kon Tum
D:/UIT/KLTN/train_img/2024-01-15-00-01-53/Lai Chau.png,0,2024-01-15-00-01-53,Lai Chau
D:/UIT/KLTN/train_img/2024-01-15-00-01-53/Long Khanh.png,0,2024-01-15-00-01-53,Long Khanh
D:/UIT/KLTN/train_img/2024-01-15-00-01-53/Long Xuyen.png,0,2024-01-15-00-01-53,Long Xuyen
D:/UIT/KLTN/train_img/2024-01-15-00-01-53/My Tho.png,0,2024-01-15-00-01-53,My Tho
D:/UIT/KLTN/train_img/2024-01-15-00-01-53/Nha Trang.png,0,2024-01-15-00-01-53,Nha Trang
D:/UIT/KLTN/train_img/2024-01-15-00-01-53/Phan Rang - Thap Cham.png,0,2024-01-15-00-01-53,Phan Rang - Thap Cham
D:/UIT/KLTN/train_img/2024-01-15-00-01-53/Phan Thiet.png,0,2024-01-15-00-01-53,Phan Thiet
D:/UIT/KLTN/train_img/2024-01-15-00-01-53/Pleiku.png,0,2024-01-15-00-01-53,Pleiku
D:/UIT/KLTN/train_img/2024-01-15-00-01-53/Quang Ngai.png,0,2024-01-15-00-01-53,Quang Ngai
D:/UIT/KLTN/train_img/2024-01-15-00-01-53/Quy Nhon.png,0,2024-01-15-00-01-53,Quy Nhon
D:/UIT/KLTN/train_img/2024-01-15-00-01-53/Rach Gia.png,0,2024-01-15-00-01-53,Rach Gia
D:/UIT/KLTN/train_img/2024-01-15-00-01-53/Sa Dec.png,0,2024-01-15-00-01-53,Sa Dec
D:/UIT/KLTN/train_img/2024-01-15-00-01-53/Soc Trang.png,0,2024-01-15-00-01-53,Soc Trang
D:/UIT/KLTN/train_img/2024-01-15-00-01-53/Soc Trang.png,0,2024-01-15-00-01-53,Soc Trang
D:/UIT/KLTN/train_img/2024-01-15-00-01-53/Son La.png,0,2024-01-15-00-01-53,Son La
D:/UIT/KLTN/train_img/2024-01-15-00-01-53/Tan An.png,0,2024-01-15-00-01-53,Tan An
D:/UIT/KLTN/train_img/2024-01-15-00-01-53/Tay Ninh.png,0,2024-01-15-00-01-53,Tay Ninh
D:/UIT/KLTN/train_img/2024-01-15-00-01-53/Thu Dau Mot.png,0,2024-01-15-00-01-53,Thu Dau Mot
D:/UIT/KLTN/train_img/2024-01-15-00-01-53/Thu Duc.png,0,2024-01-15-00-01-53,Thu Duc
D:/UIT/KLTN/train_img/2024-01-15-00-01-53/Tra Vinh.png,0,2024-01-15-00-01-53,Tra Vinh
D:/UIT/KLTN/train_img/2024-01-15-00-01-53/Tuy Hoa.png,0,2024-01-15-00-01-53,Tuy Hoa
D:/UIT/KLTN/train_img/2024-01-15-00-01-53/Vinh Long.png,0,2024-01-15-00-01-53,Vinh Long
D:/UIT/KLTN/train_img/2024-01-15-00-01-53/Vung Tau.png,0,2024-01-15-00-01-53,Vung Tau
D:/UIT/KLTN/train_img/2024-01-15-01-01-54/Ba Ria.png,0,2024-01-15-01-01-54,Ba Ria
D:/UIT/KLTN/train_img/2024-01-15-01-01-54/Bac Lieu.png,0,2024-01-15-01-01-54,Bac Lieu
D:/UIT/KLTN/train_img/2024-01-15-01-01-54/Ben Tre.png,0,2024-01-15-01-01-54,Ben Tre
D:/UIT/KLTN/train_img/2024-01-15-01-01-54/Bien Hoa.png,0,2024-01-15-01-01-54,Bien Hoa
D:/UIT/KLTN/train_img/2024-01-15-01-01-54/Binh Duong.png,0,2024-01-15-01-01-54,Binh Duong
D:/UIT/KLTN/train_img/2024-01-15-01-01-54/Buon Ma Thuot.png,0,2024-01-15-01-01-54,Buon Ma Thuot
D:/UIT/KLTN/train_img/2024-01-15-01-01-54/Ca Mau.png,0,2024-01-15-01-01-54,Ca Mau
D:/UIT/KLTN/train_img/2024-01-15-01-01-54/Cam Ranh.png,0,2024-01-15-01-01-54,Cam Ranh
D:/UIT/KLTN/train_img/2024-01-15-01-01-54/Can Tho.png,0,2024-01-15-01-01-54,Can Tho
D:/UIT/KLTN/train_img/2024-01-15-01-01-54/Cao Lanh.png,0,2024-01-15-01-01-54,Cao Lanh
D:/UIT/KLTN/train_img/2024-01-15-01-01-54/Chau Doc.png,0,2024-01-15-01-01-54,Chau Doc
D:/UIT/KLTN/train_img/2024-01-15-01-01-54/Con Son.png,0,2024-01-15-01-01-54,Con Son
D:/UIT/KLTN/train_img/2024-01-15-01-01-54/Da Lat.png,0,2024-01-15-01-01-54,Da Lat
D:/UIT/KLTN/train_img/2024-01-15-01-01-54/Da Nang.png,0,2024-01-15-01-01-54,Da Nang
D:/UIT/KLTN/train_img/2024-01-15-01-01-54/Di An.png,0,2024-01-15-01-01-54,Di An
D:/UIT/KLTN/train_img/2024-01-15-01-01-54/Dien Bien Phu.png,0,2024-01-15-01-01-54,Dien Bien Phu
D:/UIT/KLTN/train_img/2024-01-15-01-01-54/Dong Ha.png,0,2024-01-15-01-01-54,Dong Ha
D:/UIT/KLTN/train_img/2024-01-15-01-01-54/Dong Hoi.png,0,2024-01-15-01-01-54,Dong Hoi
D:/UIT/KLTN/train_img/2024-01-15-01-01-54/Dong Xoai.png,0,2024-01-15-01-01-54,Dong Xoai
D:/UIT/KLTN/train_img/2024-01-15-01-01-54/Ha Tien.png,0,2024-01-15-01-01-54,Ha Tien
D:/UIT/KLTN/train_img/2024-01-15-01-01-54/Ho Chi Minh.png,0,2024-01-15-01-01-54,Ho Chi Minh
D:/UIT/KLTN/train_img/2024-01-15-01-01-54/Hoi An.png,0,2024-01-15-01-01-54,Hoi An
D:/UIT/KLTN/train_img/2024-01-15-01-01-54/Hue.png,0,2024-01-15-01-01-54,Hue
D:/UIT/KLTN/train_img/2024-01-15-01-01-54/Kon Tum.png,0,2024-01-15-01-01-54,Kon Tum
D:/UIT/KLTN/train_img/2024-01-15-01-01-54/Lai Chau.png,0,2024-01-15-01-01-54,Lai Chau
D:/UIT/KLTN/train_img/2024-01-15-01-01-54/Long Khanh.png,0,2024-01-15-01-01-54,Long Khanh
D:/UIT/KLTN/train_img/2024-01-15-01-01-54/Long Xuyen.png,0,2024-01-15-01-01-54,Long Xuyen
D:/UIT/KLTN/train_img/2024-01-15-01-01-54/My Tho.png,0,2024-01-15-01-01-54,My Tho
D:/UIT/KLTN/train_img/2024-01-15-01-01-54/Nha Trang.png,0,2024-01-15-01-01-54,Nha Trang
D:/UIT/KLTN/train_img/2024-01-15-01-01-54/Phan Rang - Thap Cham.png,0,2024-01-15-01-01-54,Phan Rang - Thap Cham
D:/UIT/KLTN/train_img/2024-01-15-01-01-54/Phan Thiet.png,0,2024-01-15-01-01-54,Phan Thiet
D:/UIT/KLTN/train_img/2024-01-15-01-01-54/Pleiku.png,0,2024-01-15-01-01-54,Pleiku
D:/UIT/KLTN/train_img/2024-01-15-01-01-54/Quang Ngai.png,0,2024-01-15-01-01-54,Quang Ngai
D:/UIT/KLTN/train_img/2024-01-15-01-01-54/Quy Nhon.png,0,2024-01-15-01-01-54,Quy Nhon
D:/UIT/KLTN/train_img/2024-01-15-01-01-54/Rach Gia.png,0,2024-01-15-01-01-54,Rach Gia
D:/UIT/KLTN/train_img/2024-01-15-01-01-54/Sa Dec.png,0,2024-01-15-01-01-54,Sa Dec
D:/UIT/KLTN/train_img/2024-01-15-01-01-54/Soc Trang.png,0,2024-01-15-01-01-54,Soc Trang
D:/UIT/KLTN/train_img/2024-01-15-01-01-54/Soc Trang.png,0,2024-01-15-01-01-54,Soc Trang
D:/UIT/KLTN/train_img/2024-01-15-01-01-54/Son La.png,0,2024-01-15-01-01-54,Son La
D:/UIT/KLTN/train_img/2024-01-15-01-01-54/Tan An.png,0,2024-01-15-01-01-54,Tan An
D:/UIT/KLTN/train_img/2024-01-15-01-01-54/Tay Ninh.png,0,2024-01-15-01-01-54,Tay Ninh
D:/UIT/KLTN/train_img/2024-01-15-01-01-54/Thu Dau Mot.png,0,2024-01-15-01-01-54,Thu Dau Mot
D:/UIT/KLTN/train_img/2024-01-15-01-01-54/Thu Duc.png,0,2024-01-15-01-01-54,Thu Duc
D:/UIT/KLTN/train_img/2024-01-15-01-01-54/Tra Vinh.png,0,2024-01-15-01-01-54,Tra Vinh
D:/UIT/KLTN/train_img/2024-01-15-01-01-54/Tuy Hoa.png,0,2024-01-15-01-01-54,Tuy Hoa
D:/UIT/KLTN/train_img/2024-01-15-01-01-54/Vinh Long.png,0,2024-01-15-01-01-54,Vinh Long
D:/UIT/KLTN/train_img/2024-01-15-01-01-54/Vung Tau.png,0,2024-01-15-01-01-54,Vung Tau
D:/UIT/KLTN/train_img/2024-01-15-02-01-52/Ba Ria.png,0,2024-01-15-02-01-52,Ba Ria
D:/UIT/KLTN/train_img/2024-01-15-02-01-52/Bac Lieu.png,0,2024-01-15-02-01-52,Bac Lieu
D:/UIT/KLTN/train_img/2024-01-15-02-01-52/Ben Tre.png,0,2024-01-15-02-01-52,Ben Tre
D:/UIT/KLTN/train_img/2024-01-15-02-01-52/Bien Hoa.png,0,2024-01-15-02-01-52,Bien Hoa
D:/UIT/KLTN/train_img/2024-01-15-02-01-52/Binh Duong.png,0,2024-01-15-02-01-52,Binh Duong
D:/UIT/KLTN/train_img/2024-01-15-02-01-52/Buon Ma Thuot.png,0,2024-01-15-02-01-52,Buon Ma Thuot
D:/UIT/KLTN/train_img/2024-01-15-02-01-52/Ca Mau.png,0,2024-01-15-02-01-52,Ca Mau
D:/UIT/KLTN/train_img/2024-01-15-02-01-52/Cam Ranh.png,0,2024-01-15-02-01-52,Cam Ranh
D:/UIT/KLTN/train_img/2024-01-15-02-01-52/Can Tho.png,0,2024-01-15-02-01-52,Can Tho
D:/UIT/KLTN/train_img/2024-01-15-02-01-52/Cao Lanh.png,0,2024-01-15-02-01-52,Cao Lanh
D:/UIT/KLTN/train_img/2024-01-15-02-01-52/Chau Doc.png,0,2024-01-15-02-01-52,Chau Doc
D:/UIT/KLTN/train_img/2024-01-15-02-01-52/Con Son.png,0,2024-01-15-02-01-52,Con Son
D:/UIT/KLTN/train_img/2024-01-15-02-01-52/Da Lat.png,0,2024-01-15-02-01-52,Da Lat
D:/UIT/KLTN/train_img/2024-01-15-02-01-52/Da Nang.png,0,2024-01-15-02-01-52,Da Nang
D:/UIT/KLTN/train_img/2024-01-15-02-01-52/Di An.png,0,2024-01-15-02-01-52,Di An
D:/UIT/KLTN/train_img/2024-01-15-02-01-52/Dien Bien Phu.png,0,2024-01-15-02-01-52,Dien Bien Phu
D:/UIT/KLTN/train_img/2024-01-15-02-01-52/Dong Ha.png,0,2024-01-15-02-01-52,Dong Ha
D:/UIT/KLTN/train_img/2024-01-15-02-01-52/Dong Hoi.png,0,2024-01-15-02-01-52,Dong Hoi
D:/UIT/KLTN/train_img/2024-01-15-02-01-52/Dong Xoai.png,0,2024-01-15-02-01-52,Dong Xoai
D:/UIT/KLTN/train_img/2024-01-15-02-01-52/Ha Tien.png,0,2024-01-15-02-01-52,Ha Tien
D:/UIT/KLTN/train_img/2024-01-15-02-01-52/Ho Chi Minh.png,0,2024-01-15-02-01-52,Ho Chi Minh
D:/UIT/KLTN/train_img/2024-01-15-02-01-52/Hoi An.png,0,2024-01-15-02-01-52,Hoi An
D:/UIT/KLTN/train_img/2024-01-15-02-01-52/Hue.png,0,2024-01-15-02-01-52,Hue
D:/UIT/KLTN/train_img/2024-01-15-02-01-52/Kon Tum.png,0,2024-01-15-02-01-52,Kon Tum
D:/UIT/KLTN/train_img/2024-01-15-02-01-52/Lai Chau.png,0,2024-01-15-02-01-52,Lai Chau
D:/UIT/KLTN/train_img/2024-01-15-02-01-52/Long Khanh.png,0,2024-01-15-02-01-52,Long Khanh
D:/UIT/KLTN/train_img/2024-01-15-02-01-52/Long Xuyen.png,0,2024-01-15-02-01-52,Long Xuyen
D:/UIT/KLTN/train_img/2024-01-15-02-01-52/My Tho.png,0,2024-01-15-02-01-52,My Tho
D:/UIT/KLTN/train_img/2024-01-15-02-01-52/Nha Trang.png,0,2024-01-15-02-01-52,Nha Trang
D:/UIT/KLTN/train_img/2024-01-15-02-01-52/Phan Rang - Thap Cham.png,0,2024-01-15-02-01-52,Phan Rang - Thap Cham
D:/UIT/KLTN/train_img/2024-01-15-02-01-52/Phan Thiet.png,0,2024-01-15-02-01-52,Phan Thiet
D:/UIT/KLTN/train_img/2024-01-15-02-01-52/Pleiku.png,0,2024-01-15-02-01-52,Pleiku
D:/UIT/KLTN/train_img/2024-01-15-02-01-52/Quang Ngai.png,0,2024-01-15-02-01-52,Quang Ngai
D:/UIT/KLTN/train_img/2024-01-15-02-01-52/Quy Nhon.png,0,2024-01-15-02-01-52,Quy Nhon
D:/UIT/KLTN/train_img/2024-01-15-02-01-52/Rach Gia.png,0,2024-01-15-02-01-52,Rach Gia
D:/UIT/KLTN/train_img/2024-01-15-02-01-52/Sa Dec.png,0,2024-01-15-02-01-52,Sa Dec
D:/UIT/KLTN/train_img/2024-01-15-02-01-52/Soc Trang.png,0,2024-01-15-02-01-52,Soc Trang
D:/UIT/KLTN/train_img/2024-01-15-02-01-52/Soc Trang.png,0,2024-01-15-02-01-52,Soc Trang
D:/UIT/KLTN/train_img/2024-01-15-02-01-52/Son La.png,0,2024-01-15-02-01-52,Son La
D:/UIT/KLTN/train_img/2024-01-15-02-01-52/Tan An.png,0,2024-01-15-02-01-52,Tan An
D:/UIT/KLTN/train_img/2024-01-15-02-01-52/Tay Ninh.png,0,2024-01-15-02-01-52,Tay Ninh
D:/UIT/KLTN/train_img/2024-01-15-02-01-52/Thu Dau Mot.png,0,2024-01-15-02-01-52,Thu Dau Mot
D:/UIT/KLTN/train_img/2024-01-15-02-01-52/Thu Duc.png,0,2024-01-15-02-01-52,Thu Duc
D:/UIT/KLTN/train_img/2024-01-15-02-01-52/Tra Vinh.png,0,2024-01-15-02-01-52,Tra Vinh
D:/UIT/KLTN/train_img/2024-01-15-02-01-52/Tuy Hoa.png,0,2024-01-15-02-01-52,Tuy Hoa
D:/UIT/KLTN/train_img/2024-01-15-02-01-52/Vinh Long.png,0,2024-01-15-02-01-52,Vinh Long
D:/UIT/KLTN/train_img/2024-01-15-02-01-52/Vung Tau.png,0,2024-01-15-02-01-52,Vung Tau
D:/UIT/KLTN/train_img/2024-01-15-03-01-54/Ba Ria.png,0,2024-01-15-03-01-54,Ba Ria
D:/UIT/KLTN/train_img/2024-01-15-03-01-54/Bac Lieu.png,0,2024-01-15-03-01-54,Bac Lieu
D:/UIT/KLTN/train_img/2024-01-15-03-01-54/Ben Tre.png,0,2024-01-15-03-01-54,Ben Tre
D:/UIT/KLTN/train_img/2024-01-15-03-01-54/Bien Hoa.png,0,2024-01-15-03-01-54,Bien Hoa
D:/UIT/KLTN/train_img/2024-01-15-03-01-54/Binh Duong.png,0,2024-01-15-03-01-54,Binh Duong
D:/UIT/KLTN/train_img/2024-01-15-03-01-54/Buon Ma Thuot.png,0,2024-01-15-03-01-54,Buon Ma Thuot
D:/UIT/KLTN/train_img/2024-01-15-03-01-54/Ca Mau.png,0,2024-01-15-03-01-54,Ca Mau
D:/UIT/KLTN/train_img/2024-01-15-03-01-54/Cam Ranh.png,0,2024-01-15-03-01-54,Cam Ranh
D:/UIT/KLTN/train_img/2024-01-15-03-01-54/Can Tho.png,0,2024-01-15-03-01-54,Can Tho
D:/UIT/KLTN/train_img/2024-01-15-03-01-54/Cao Lanh.png,0,2024-01-15-03-01-54,Cao Lanh
D:/UIT/KLTN/train_img/2024-01-15-03-01-54/Chau Doc.png,0,2024-01-15-03-01-54,Chau Doc
D:/UIT/KLTN/train_img/2024-01-15-03-01-54/Con Son.png,0,2024-01-15-03-01-54,Con Son
D:/UIT/KLTN/train_img/2024-01-15-03-01-54/Da Lat.png,0,2024-01-15-03-01-54,Da Lat
D:/UIT/KLTN/train_img/2024-01-15-03-01-54/Da Nang.png,0,2024-01-15-03-01-54,Da Nang
D:/UIT/KLTN/train_img/2024-01-15-03-01-54/Di An.png,0,2024-01-15-03-01-54,Di An
D:/UIT/KLTN/train_img/2024-01-15-03-01-54/Dien Bien Phu.png,0,2024-01-15-03-01-54,Dien Bien Phu
D:/UIT/KLTN/train_img/2024-01-15-03-01-54/Dong Ha.png,0,2024-01-15-03-01-54,Dong Ha
D:/UIT/KLTN/train_img/2024-01-15-03-01-54/Dong Hoi.png,0.25,2024-01-15-03-01-54,Dong Hoi
D:/UIT/KLTN/train_img/2024-01-15-03-01-54/Dong Xoai.png,0,2024-01-15-03-01-54,Dong Xoai
D:/UIT/KLTN/train_img/2024-01-15-03-01-54/Ha Tien.png,0,2024-01-15-03-01-54,Ha Tien
D:/UIT/KLTN/train_img/2024-01-15-03-01-54/Ho Chi Minh.png,0,2024-01-15-03-01-54,Ho Chi Minh
D:/UIT/KLTN/train_img/2024-01-15-03-01-54/Hoi An.png,0,2024-01-15-03-01-54,Hoi An
D:/UIT/KLTN/train_img/2024-01-15-03-01-54/Hue.png,0,2024-01-15-03-01-54,Hue
D:/UIT/KLTN/train_img/2024-01-15-03-01-54/Kon Tum.png,0,2024-01-15-03-01-54,Kon Tum
D:/UIT/KLTN/train_img/2024-01-15-03-01-54/Lai Chau.png,0,2024-01-15-03-01-54,Lai Chau
D:/UIT/KLTN/train_img/2024-01-15-03-01-54/Long Khanh.png,0,2024-01-15-03-01-54,Long Khanh
D:/UIT/KLTN/train_img/2024-01-15-03-01-54/Long Xuyen.png,0,2024-01-15-03-01-54,Long Xuyen
D:/UIT/KLTN/train_img/2024-01-15-03-01-54/My Tho.png,0,2024-01-15-03-01-54,My Tho
D:/UIT/KLTN/train_img/2024-01-15-03-01-54/Nha Trang.png,0,2024-01-15-03-01-54,Nha Trang
D:/UIT/KLTN/train_img/2024-01-15-03-01-54/Phan Rang - Thap Cham.png,0,2024-01-15-03-01-54,Phan Rang - Thap Cham
D:/UIT/KLTN/train_img/2024-01-15-03-01-54/Phan Thiet.png,0,2024-01-15-03-01-54,Phan Thiet
D:/UIT/KLTN/train_img/2024-01-15-03-01-54/Pleiku.png,0,2024-01-15-03-01-54,Pleiku
D:/UIT/KLTN/train_img/2024-01-15-03-01-54/Quang Ngai.png,0,2024-01-15-03-01-54,Quang Ngai
D:/UIT/KLTN/train_img/2024-01-15-03-01-54/Quy Nhon.png,0,2024-01-15-03-01-54,Quy Nhon
D:/UIT/KLTN/train_img/2024-01-15-03-01-54/Rach Gia.png,0,2024-01-15-03-01-54,Rach Gia
D:/UIT/KLTN/train_img/2024-01-15-03-01-54/Sa Dec.png,0,2024-01-15-03-01-54,Sa Dec
D:/UIT/KLTN/train_img/2024-01-15-03-01-54/Soc Trang.png,0,2024-01-15-03-01-54,Soc Trang
D:/UIT/KLTN/train_img/2024-01-15-03-01-54/Soc Trang.png,0,2024-01-15-03-01-54,Soc Trang
D:/UIT/KLTN/train_img/2024-01-15-03-01-54/Son La.png,0,2024-01-15-03-01-54,Son La
D:/UIT/KLTN/train_img/2024-01-15-03-01-54/Tan An.png,0,2024-01-15-03-01-54,Tan An
D:/UIT/KLTN/train_img/2024-01-15-03-01-54/Tay Ninh.png,0,2024-01-15-03-01-54,Tay Ninh
D:/UIT/KLTN/train_img/2024-01-15-03-01-54/Thu Dau Mot.png,0,2024-01-15-03-01-54,Thu Dau Mot
D:/UIT/KLTN/train_img/2024-01-15-03-01-54/Thu Duc.png,0,2024-01-15-03-01-54,Thu Duc
D:/UIT/KLTN/train_img/2024-01-15-03-01-54/Tra Vinh.png,0,2024-01-15-03-01-54,Tra Vinh
D:/UIT/KLTN/train_img/2024-01-15-03-01-54/Tuy Hoa.png,0,2024-01-15-03-01-54,Tuy Hoa
D:/UIT/KLTN/train_img/2024-01-15-03-01-54/Vinh Long.png,0,2024-01-15-03-01-54,Vinh Long
D:/UIT/KLTN/train_img/2024-01-15-03-01-54/Vung Tau.png,0,2024-01-15-03-01-54,Vung Tau
D:/UIT/KLTN/train_img/2024-01-15-04-01-56/Ba Ria.png,0,2024-01-15-04-01-56,Ba Ria
D:/UIT/KLTN/train_img/2024-01-15-04-01-56/Bac Lieu.png,0,2024-01-15-04-01-56,Bac Lieu
D:/UIT/KLTN/train_img/2024-01-15-04-01-56/Ben Tre.png,0,2024-01-15-04-01-56,Ben Tre
D:/UIT/KLTN/train_img/2024-01-15-04-01-56/Bien Hoa.png,0,2024-01-15-04-01-56,Bien Hoa
D:/UIT/KLTN/train_img/2024-01-15-04-01-56/Binh Duong.png,0,2024-01-15-04-01-56,Binh Duong
D:/UIT/KLTN/train_img/2024-01-15-04-01-56/Buon Ma Thuot.png,0,2024-01-15-04-01-56,Buon Ma Thuot
D:/UIT/KLTN/train_img/2024-01-15-04-01-56/Ca Mau.png,0,2024-01-15-04-01-56,Ca Mau
D:/UIT/KLTN/train_img/2024-01-15-04-01-56/Cam Ranh.png,0,2024-01-15-04-01-56,Cam Ranh
D:/UIT/KLTN/train_img/2024-01-15-04-01-56/Can Tho.png,0,2024-01-15-04-01-56,Can Tho
D:/UIT/KLTN/train_img/2024-01-15-04-01-56/Cao Lanh.png,0,2024-01-15-04-01-56,Cao Lanh
D:/UIT/KLTN/train_img/2024-01-15-04-01-56/Chau Doc.png,0,2024-01-15-04-01-56,Chau Doc
D:/UIT/KLTN/train_img/2024-01-15-04-01-56/Con Son.png,0,2024-01-15-04-01-56,Con Son
D:/UIT/KLTN/train_img/2024-01-15-04-01-56/Da Lat.png,0,2024-01-15-04-01-56,Da Lat
D:/UIT/KLTN/train_img/2024-01-15-04-01-56/Da Nang.png,0,2024-01-15-04-01-56,Da Nang
D:/UIT/KLTN/train_img/2024-01-15-04-01-56/Di An.png,0,2024-01-15-04-01-56,Di An
D:/UIT/KLTN/train_img/2024-01-15-04-01-56/Dien Bien Phu.png,0,2024-01-15-04-01-56,Dien Bien Phu
D:/UIT/KLTN/train_img/2024-01-15-04-01-56/Dong Ha.png,0,2024-01-15-04-01-56,Dong Ha
D:/UIT/KLTN/train_img/2024-01-15-04-01-56/Dong Hoi.png,0,2024-01-15-04-01-56,Dong Hoi
D:/UIT/KLTN/train_img/2024-01-15-04-01-56/Dong Xoai.png,0,2024-01-15-04-01-56,Dong Xoai
D:/UIT/KLTN/train_img/2024-01-15-04-01-56/Ha Tien.png,0,2024-01-15-04-01-56,Ha Tien
D:/UIT/KLTN/train_img/2024-01-15-04-01-56/Ho Chi Minh.png,0,2024-01-15-04-01-56,Ho Chi Minh
D:/UIT/KLTN/train_img/2024-01-15-04-01-56/Hoi An.png,0,2024-01-15-04-01-56,Hoi An
D:/UIT/KLTN/train_img/2024-01-15-04-01-56/Hue.png,0,2024-01-15-04-01-56,Hue
D:/UIT/KLTN/train_img/2024-01-15-04-01-56/Kon Tum.png,0,2024-01-15-04-01-56,Kon Tum
D:/UIT/KLTN/train_img/2024-01-15-04-01-56/Lai Chau.png,0,2024-01-15-04-01-56,Lai Chau
D:/UIT/KLTN/train_img/2024-01-15-04-01-56/Long Khanh.png,0,2024-01-15-04-01-56,Long Khanh
D:/UIT/KLTN/train_img/2024-01-15-04-01-56/Long Xuyen.png,0,2024-01-15-04-01-56,Long Xuyen
D:/UIT/KLTN/train_img/2024-01-15-04-01-56/My Tho.png,0,2024-01-15-04-01-56,My Tho
D:/UIT/KLTN/train_img/2024-01-15-04-01-56/Nha Trang.png,0,2024-01-15-04-01-56,Nha Trang
D:/UIT/KLTN/train_img/2024-01-15-04-01-56/Phan Rang - Thap Cham.png,0,2024-01-15-04-01-56,Phan Rang - Thap Cham
D:/UIT/KLTN/train_img/2024-01-15-04-01-56/Phan Thiet.png,0,2024-01-15-04-01-56,Phan Thiet
D:/UIT/KLTN/train_img/2024-01-15-04-01-56/Pleiku.png,0,2024-01-15-04-01-56,Pleiku
D:/UIT/KLTN/train_img/2024-01-15-04-01-56/Quang Ngai.png,0,2024-01-15-04-01-56,Quang Ngai
D:/UIT/KLTN/train_img/2024-01-15-04-01-56/Quy Nhon.png,0,2024-01-15-04-01-56,Quy Nhon
D:/UIT/KLTN/train_img/2024-01-15-04-01-56/Rach Gia.png,0,2024-01-15-04-01-56,Rach Gia
D:/UIT/KLTN/train_img/2024-01-15-04-01-56/Sa Dec.png,0,2024-01-15-04-01-56,Sa Dec
D:/UIT/KLTN/train_img/2024-01-15-04-01-56/Soc Trang.png,0,2024-01-15-04-01-56,Soc Trang
D:/UIT/KLTN/train_img/2024-01-15-04-01-56/Soc Trang.png,0,2024-01-15-04-01-56,Soc Trang
D:/UIT/KLTN/train_img/2024-01-15-04-01-56/Son La.png,0,2024-01-15-04-01-56,Son La
D:/UIT/KLTN/train_img/2024-01-15-04-01-56/Tan An.png,0,2024-01-15-04-01-56,Tan An
D:/UIT/KLTN/train_img/2024-01-15-04-01-56/Tay Ninh.png,0,2024-01-15-04-01-56,Tay Ninh
D:/UIT/KLTN/train_img/2024-01-15-04-01-56/Thu Dau Mot.png,0,2024-01-15-04-01-56,Thu Dau Mot
D:/UIT/KLTN/train_img/2024-01-15-04-01-56/Thu Duc.png,0,2024-01-15-04-01-56,Thu Duc
D:/UIT/KLTN/train_img/2024-01-15-04-01-56/Tra Vinh.png,0,2024-01-15-04-01-56,Tra Vinh
D:/UIT/KLTN/train_img/2024-01-15-04-01-56/Tuy Hoa.png,0,2024-01-15-04-01-56,Tuy Hoa
D:/UIT/KLTN/train_img/2024-01-15-04-01-56/Vinh Long.png,0,2024-01-15-04-01-56,Vinh Long
D:/UIT/KLTN/train_img/2024-01-15-04-01-56/Vung Tau.png,0,2024-01-15-04-01-56,Vung Tau
D:/UIT/KLTN/train_img/2024-01-15-05-01-51/Ba Ria.png,0,2024-01-15-05-01-51,Ba Ria
D:/UIT/KLTN/train_img/2024-01-15-05-01-51/Bac Lieu.png,0,2024-01-15-05-01-51,Bac Lieu
D:/UIT/KLTN/train_img/2024-01-15-05-01-51/Ben Tre.png,0,2024-01-15-05-01-51,Ben Tre
D:/UIT/KLTN/train_img/2024-01-15-05-01-51/Bien Hoa.png,0,2024-01-15-05-01-51,Bien Hoa
D:/UIT/KLTN/train_img/2024-01-15-05-01-51/Binh Duong.png,0,2024-01-15-05-01-51,Binh Duong
D:/UIT/KLTN/train_img/2024-01-15-05-01-51/Buon Ma Thuot.png,0,2024-01-15-05-01-51,Buon Ma Thuot
D:/UIT/KLTN/train_img/2024-01-15-05-01-51/Ca Mau.png,0,2024-01-15-05-01-51,Ca Mau
D:/UIT/KLTN/train_img/2024-01-15-05-01-51/Cam Ranh.png,0,2024-01-15-05-01-51,Cam Ranh
D:/UIT/KLTN/train_img/2024-01-15-05-01-51/Can Tho.png,0,2024-01-15-05-01-51,Can Tho
D:/UIT/KLTN/train_img/2024-01-15-05-01-51/Cao Lanh.png,0,2024-01-15-05-01-51,Cao Lanh
D:/UIT/KLTN/train_img/2024-01-15-05-01-51/Chau Doc.png,0,2024-01-15-05-01-51,Chau Doc
D:/UIT/KLTN/train_img/2024-01-15-05-01-51/Con Son.png,0,2024-01-15-05-01-51,Con Son
D:/UIT/KLTN/train_img/2024-01-15-05-01-51/Da Lat.png,0,2024-01-15-05-01-51,Da Lat
D:/UIT/KLTN/train_img/2024-01-15-05-01-51/Da Nang.png,0,2024-01-15-05-01-51,Da Nang
D:/UIT/KLTN/train_img/2024-01-15-05-01-51/Di An.png,0,2024-01-15-05-01-51,Di An
D:/UIT/KLTN/train_img/2024-01-15-05-01-51/Dien Bien Phu.png,0,2024-01-15-05-01-51,Dien Bien Phu
D:/UIT/KLTN/train_img/2024-01-15-05-01-51/Dong Ha.png,0,2024-01-15-05-01-51,Dong Ha
D:/UIT/KLTN/train_img/2024-01-15-05-01-51/Dong Hoi.png,0,2024-01-15-05-01-51,Dong Hoi
D:/UIT/KLTN/train_img/2024-01-15-05-01-51/Dong Xoai.png,0,2024-01-15-05-01-51,Dong Xoai
D:/UIT/KLTN/train_img/2024-01-15-05-01-51/Ha Tien.png,0,2024-01-15-05-01-51,Ha Tien
D:/UIT/KLTN/train_img/2024-01-15-05-01-51/Ho Chi Minh.png,0,2024-01-15-05-01-51,Ho Chi Minh
D:/UIT/KLTN/train_img/2024-01-15-05-01-51/Hoi An.png,0,2024-01-15-05-01-51,Hoi An
D:/UIT/KLTN/train_img/2024-01-15-05-01-51/Hue.png,0,2024-01-15-05-01-51,Hue
D:/UIT/KLTN/train_img/2024-01-15-05-01-51/Kon Tum.png,0,2024-01-15-05-01-51,Kon Tum
D:/UIT/KLTN/train_img/2024-01-15-05-01-51/Lai Chau.png,0,2024-01-15-05-01-51,Lai Chau
D:/UIT/KLTN/train_img/2024-01-15-05-01-51/Long Khanh.png,0,2024-01-15-05-01-51,Long Khanh
D:/UIT/KLTN/train_img/2024-01-15-05-01-51/Long Xuyen.png,0,2024-01-15-05-01-51,Long Xuyen
D:/UIT/KLTN/train_img/2024-01-15-05-01-51/My Tho.png,0,2024-01-15-05-01-51,My Tho
D:/UIT/KLTN/train_img/2024-01-15-05-01-51/Nha Trang.png,0,2024-01-15-05-01-51,Nha Trang
D:/UIT/KLTN/train_img/2024-01-15-05-01-51/Phan Rang - Thap Cham.png,0,2024-01-15-05-01-51,Phan Rang - Thap Cham
D:/UIT/KLTN/train_img/2024-01-15-05-01-51/Phan Thiet.png,0,2024-01-15-05-01-51,Phan Thiet
D:/UIT/KLTN/train_img/2024-01-15-05-01-51/Pleiku.png,0,2024-01-15-05-01-51,Pleiku
D:/UIT/KLTN/train_img/2024-01-15-05-01-51/Quang Ngai.png,0,2024-01-15-05-01-51,Quang Ngai
D:/UIT/KLTN/train_img/2024-01-15-05-01-51/Quy Nhon.png,0,2024-01-15-05-01-51,Quy Nhon
D:/UIT/KLTN/train_img/2024-01-15-05-01-51/Rach Gia.png,0,2024-01-15-05-01-51,Rach Gia
D:/UIT/KLTN/train_img/2024-01-15-05-01-51/Sa Dec.png,0,2024-01-15-05-01-51,Sa Dec
D:/UIT/KLTN/train_img/2024-01-15-05-01-51/Soc Trang.png,0,2024-01-15-05-01-51,Soc Trang
D:/UIT/KLTN/train_img/2024-01-15-05-01-51/Soc Trang.png,0,2024-01-15-05-01-51,Soc Trang
D:/UIT/KLTN/train_img/2024-01-15-05-01-51/Son La.png,0,2024-01-15-05-01-51,Son La
D:/UIT/KLTN/train_img/2024-01-15-05-01-51/Tan An.png,0,2024-01-15-05-01-51,Tan An
D:/UIT/KLTN/train_img/2024-01-15-05-01-51/Tay Ninh.png,0,2024-01-15-05-01-51,Tay Ninh
D:/UIT/KLTN/train_img/2024-01-15-05-01-51/Thu Dau Mot.png,0,2024-01-15-05-01-51,Thu Dau Mot
D:/UIT/KLTN/train_img/2024-01-15-05-01-51/Thu Duc.png,0,2024-01-15-05-01-51,Thu Duc
D:/UIT/KLTN/train_img/2024-01-15-05-01-51/Tra Vinh.png,0,2024-01-15-05-01-51,Tra Vinh
D:/UIT/KLTN/train_img/2024-01-15-05-01-51/Tuy Hoa.png,0,2024-01-15-05-01-51,Tuy Hoa
D:/UIT/KLTN/train_img/2024-01-15-05-01-51/Vinh Long.png,0,2024-01-15-05-01-51,Vinh Long
D:/UIT/KLTN/train_img/2024-01-15-05-01-51/Vung Tau.png,0,2024-01-15-05-01-51,Vung Tau
D:/UIT/KLTN/train_img/2024-01-15-06-01-55/Ba Ria.png,0,2024-01-15-06-01-55,Ba Ria
D:/UIT/KLTN/train_img/2024-01-15-06-01-55/Bac Lieu.png,0,2024-01-15-06-01-55,Bac Lieu
D:/UIT/KLTN/train_img/2024-01-15-06-01-55/Ben Tre.png,0,2024-01-15-06-01-55,Ben Tre
D:/UIT/KLTN/train_img/2024-01-15-06-01-55/Bien Hoa.png,0,2024-01-15-06-01-55,Bien Hoa
D:/UIT/KLTN/train_img/2024-01-15-06-01-55/Binh Duong.png,0,2024-01-15-06-01-55,Binh Duong
D:/UIT/KLTN/train_img/2024-01-15-06-01-55/Buon Ma Thuot.png,0,2024-01-15-06-01-55,Buon Ma Thuot
D:/UIT/KLTN/train_img/2024-01-15-06-01-55/Ca Mau.png,0,2024-01-15-06-01-55,Ca Mau
D:/UIT/KLTN/train_img/2024-01-15-06-01-55/Cam Ranh.png,0,2024-01-15-06-01-55,Cam Ranh
D:/UIT/KLTN/train_img/2024-01-15-06-01-55/Can Tho.png,0,2024-01-15-06-01-55,Can Tho
D:/UIT/KLTN/train_img/2024-01-15-06-01-55/Cao Lanh.png,0,2024-01-15-06-01-55,Cao Lanh
D:/UIT/KLTN/train_img/2024-01-15-06-01-55/Chau Doc.png,0,2024-01-15-06-01-55,Chau Doc
D:/UIT/KLTN/train_img/2024-01-15-06-01-55/Con Son.png,0,2024-01-15-06-01-55,Con Son
D:/UIT/KLTN/train_img/2024-01-15-06-01-55/Da Lat.png,0,2024-01-15-06-01-55,Da Lat
D:/UIT/KLTN/train_img/2024-01-15-06-01-55/Da Nang.png,0,2024-01-15-06-01-55,Da Nang
D:/UIT/KLTN/train_img/2024-01-15-06-01-55/Di An.png,0,2024-01-15-06-01-55,Di An
D:/UIT/KLTN/train_img/2024-01-15-06-01-55/Dien Bien Phu.png,0,2024-01-15-06-01-55,Dien Bien Phu
D:/UIT/KLTN/train_img/2024-01-15-06-01-55/Dong Ha.png,0,2024-01-15-06-01-55,Dong Ha
D:/UIT/KLTN/train_img/2024-01-15-06-01-55/Dong Hoi.png,0,2024-01-15-06-01-55,Dong Hoi
D:/UIT/KLTN/train_img/2024-01-15-06-01-55/Dong Xoai.png,0,2024-01-15-06-01-55,Dong Xoai
D:/UIT/KLTN/train_img/2024-01-15-06-01-55/Ha Tien.png,0,2024-01-15-06-01-55,Ha Tien
D:/UIT/KLTN/train_img/2024-01-15-06-01-55/Ho Chi Minh.png,0,2024-01-15-06-01-55,Ho Chi Minh
D:/UIT/KLTN/train_img/2024-01-15-06-01-55/Hoi An.png,0,2024-01-15-06-01-55,Hoi An
D:/UIT/KLTN/train_img/2024-01-15-06-01-55/Hue.png,0,2024-01-15-06-01-55,Hue
D:/UIT/KLTN/train_img/2024-01-15-06-01-55/Kon Tum.png,0,2024-01-15-06-01-55,Kon Tum
D:/UIT/KLTN/train_img/2024-01-15-06-01-55/Lai Chau.png,0,2024-01-15-06-01-55,Lai Chau
D:/UIT/KLTN/train_img/2024-01-15-06-01-55/Long Khanh.png,0,2024-01-15-06-01-55,Long Khanh
D:/UIT/KLTN/train_img/2024-01-15-06-01-55/Long Xuyen.png,0,2024-01-15-06-01-55,Long Xuyen
D:/UIT/KLTN/train_img/2024-01-15-06-01-55/My Tho.png,0,2024-01-15-06-01-55,My Tho
D:/UIT/KLTN/train_img/2024-01-15-06-01-55/Nha Trang.png,0,2024-01-15-06-01-55,Nha Trang
D:/UIT/KLTN/train_img/2024-01-15-06-01-55/Phan Rang - Thap Cham.png,0,2024-01-15-06-01-55,Phan Rang - Thap Cham
D:/UIT/KLTN/train_img/2024-01-15-06-01-55/Phan Thiet.png,0,2024-01-15-06-01-55,Phan Thiet
D:/UIT/KLTN/train_img/2024-01-15-06-01-55/Pleiku.png,0,2024-01-15-06-01-55,Pleiku
D:/UIT/KLTN/train_img/2024-01-15-06-01-55/Quang Ngai.png,0,2024-01-15-06-01-55,Quang Ngai
D:/UIT/KLTN/train_img/2024-01-15-06-01-55/Quy Nhon.png,0,2024-01-15-06-01-55,Quy Nhon
D:/UIT/KLTN/train_img/2024-01-15-06-01-55/Rach Gia.png,0,2024-01-15-06-01-55,Rach Gia
D:/UIT/KLTN/train_img/2024-01-15-06-01-55/Sa Dec.png,0,2024-01-15-06-01-55,Sa Dec
D:/UIT/KLTN/train_img/2024-01-15-06-01-55/Soc Trang.png,0,2024-01-15-06-01-55,Soc Trang
D:/UIT/KLTN/train_img/2024-01-15-06-01-55/Soc Trang.png,0,2024-01-15-06-01-55,Soc Trang
D:/UIT/KLTN/train_img/2024-01-15-06-01-55/Son La.png,0,2024-01-15-06-01-55,Son La
D:/UIT/KLTN/train_img/2024-01-15-06-01-55/Tan An.png,0,2024-01-15-06-01-55,Tan An
D:/UIT/KLTN/train_img/2024-01-15-06-01-55/Tay Ninh.png,0,2024-01-15-06-01-55,Tay Ninh
D:/UIT/KLTN/train_img/2024-01-15-06-01-55/Thu Dau Mot.png,0,2024-01-15-06-01-55,Thu Dau Mot
D:/UIT/KLTN/train_img/2024-01-15-06-01-55/Thu Duc.png,0,2024-01-15-06-01-55,Thu Duc
D:/UIT/KLTN/train_img/2024-01-15-06-01-55/Tra Vinh.png,0,2024-01-15-06-01-55,Tra Vinh
D:/UIT/KLTN/train_img/2024-01-15-06-01-55/Tuy Hoa.png,0,2024-01-15-06-01-55,Tuy Hoa
D:/UIT/KLTN/train_img/2024-01-15-06-01-55/Vinh Long.png,0,2024-01-15-06-01-55,Vinh Long
D:/UIT/KLTN/train_img/2024-01-15-06-01-55/Vung Tau.png,0,2024-01-15-06-01-55,Vung Tau
D:/UIT/KLTN/train_img/2024-01-15-07-01-58/Ba Ria.png,0,2024-01-15-07-01-58,Ba Ria
D:/UIT/KLTN/train_img/2024-01-15-07-01-58/Bac Lieu.png,0,2024-01-15-07-01-58,Bac Lieu
D:/UIT/KLTN/train_img/2024-01-15-07-01-58/Ben Tre.png,0,2024-01-15-07-01-58,Ben Tre
D:/UIT/KLTN/train_img/2024-01-15-07-01-58/Bien Hoa.png,0,2024-01-15-07-01-58,Bien Hoa
D:/UIT/KLTN/train_img/2024-01-15-07-01-58/Binh Duong.png,0,2024-01-15-07-01-58,Binh Duong
D:/UIT/KLTN/train_img/2024-01-15-07-01-58/Buon Ma Thuot.png,0,2024-01-15-07-01-58,Buon Ma Thuot
D:/UIT/KLTN/train_img/2024-01-15-07-01-58/Ca Mau.png,0,2024-01-15-07-01-58,Ca Mau
D:/UIT/KLTN/train_img/2024-01-15-07-01-58/Cam Ranh.png,0,2024-01-15-07-01-58,Cam Ranh
D:/UIT/KLTN/train_img/2024-01-15-07-01-58/Can Tho.png,0,2024-01-15-07-01-58,Can Tho
D:/UIT/KLTN/train_img/2024-01-15-07-01-58/Cao Lanh.png,0,2024-01-15-07-01-58,Cao Lanh
D:/UIT/KLTN/train_img/2024-01-15-07-01-58/Chau Doc.png,0,2024-01-15-07-01-58,Chau Doc
D:/UIT/KLTN/train_img/2024-01-15-07-01-58/Con Son.png,0,2024-01-15-07-01-58,Con Son
D:/UIT/KLTN/train_img/2024-01-15-07-01-58/Da Lat.png,0,2024-01-15-07-01-58,Da Lat
D:/UIT/KLTN/train_img/2024-01-15-07-01-58/Da Nang.png,0,2024-01-15-07-01-58,Da Nang
D:/UIT/KLTN/train_img/2024-01-15-07-01-58/Di An.png,0,2024-01-15-07-01-58,Di An
D:/UIT/KLTN/train_img/2024-01-15-07-01-58/Dien Bien Phu.png,0.13,2024-01-15-07-01-58,Dien Bien Phu
D:/UIT/KLTN/train_img/2024-01-15-07-01-58/Dong Ha.png,0,2024-01-15-07-01-58,Dong Ha
D:/UIT/KLTN/train_img/2024-01-15-07-01-58/Dong Hoi.png,0,2024-01-15-07-01-58,Dong Hoi
D:/UIT/KLTN/train_img/2024-01-15-07-01-58/Dong Xoai.png,0,2024-01-15-07-01-58,Dong Xoai
D:/UIT/KLTN/train_img/2024-01-15-07-01-58/Ha Tien.png,0,2024-01-15-07-01-58,Ha Tien
D:/UIT/KLTN/train_img/2024-01-15-07-01-58/Ho Chi Minh.png,0,2024-01-15-07-01-58,Ho Chi Minh
D:/UIT/KLTN/train_img/2024-01-15-07-01-58/Hoi An.png,0,2024-01-15-07-01-58,Hoi An
D:/UIT/KLTN/train_img/2024-01-15-07-01-58/Hue.png,0,2024-01-15-07-01-58,Hue
D:/UIT/KLTN/train_img/2024-01-15-07-01-58/Kon Tum.png,0,2024-01-15-07-01-58,Kon Tum
D:/UIT/KLTN/train_img/2024-01-15-07-01-58/Lai Chau.png,0,2024-01-15-07-01-58,Lai Chau
D:/UIT/KLTN/train_img/2024-01-15-07-01-58/Long Khanh.png,0,2024-01-15-07-01-58,Long Khanh
D:/UIT/KLTN/train_img/2024-01-15-07-01-58/Long Xuyen.png,0,2024-01-15-07-01-58,Long Xuyen
D:/UIT/KLTN/train_img/2024-01-15-07-01-58/My Tho.png,0,2024-01-15-07-01-58,My Tho
D:/UIT/KLTN/train_img/2024-01-15-07-01-58/Nha Trang.png,0,2024-01-15-07-01-58,Nha Trang
D:/UIT/KLTN/train_img/2024-01-15-07-01-58/Phan Rang - Thap Cham.png,0,2024-01-15-07-01-58,Phan Rang - Thap Cham
D:/UIT/KLTN/train_img/2024-01-15-07-01-58/Phan Thiet.png,0,2024-01-15-07-01-58,Phan Thiet
D:/UIT/KLTN/train_img/2024-01-15-07-01-58/Pleiku.png,0,2024-01-15-07-01-58,Pleiku
D:/UIT/KLTN/train_img/2024-01-15-07-01-58/Quang Ngai.png,0,2024-01-15-07-01-58,Quang Ngai
D:/UIT/KLTN/train_img/2024-01-15-07-01-58/Quy Nhon.png,0,2024-01-15-07-01-58,Quy Nhon
D:/UIT/KLTN/train_img/2024-01-15-07-01-58/Rach Gia.png,0,2024-01-15-07-01-58,Rach Gia
D:/UIT/KLTN/train_img/2024-01-15-07-01-58/Sa Dec.png,0,2024-01-15-07-01-58,Sa Dec
D:/UIT/KLTN/train_img/2024-01-15-07-01-58/Soc Trang.png,0,2024-01-15-07-01-58,Soc Trang
D:/UIT/KLTN/train_img/2024-01-15-07-01-58/Soc Trang.png,0,2024-01-15-07-01-58,Soc Trang
D:/UIT/KLTN/train_img/2024-01-15-07-01-58/Son La.png,0,2024-01-15-07-01-58,Son La
D:/UIT/KLTN/train_img/2024-01-15-07-01-58/Tan An.png,0,2024-01-15-07-01-58,Tan An
D:/UIT/KLTN/train_img/2024-01-15-07-01-58/Tay Ninh.png,0,2024-01-15-07-01-58,Tay Ninh
D:/UIT/KLTN/train_img/2024-01-15-07-01-58/Thu Dau Mot.png,0,2024-01-15-07-01-58,Thu Dau Mot
D:/UIT/KLTN/train_img/2024-01-15-07-01-58/Thu Duc.png,0,2024-01-15-07-01-58,Thu Duc
D:/UIT/KLTN/train_img/2024-01-15-07-01-58/Tra Vinh.png,0,2024-01-15-07-01-58,Tra Vinh
D:/UIT/KLTN/train_img/2024-01-15-07-01-58/Tuy Hoa.png,0,2024-01-15-07-01-58,Tuy Hoa
D:/UIT/KLTN/train_img/2024-01-15-07-01-58/Vinh Long.png,0,2024-01-15-07-01-58,Vinh Long
D:/UIT/KLTN/train_img/2024-01-15-07-01-58/Vung Tau.png,0,2024-01-15-07-01-58,Vung Tau
D:/UIT/KLTN/train_img/2024-01-15-08-02-00/Ba Ria.png,0,2024-01-15-08-02-00,Ba Ria
D:/UIT/KLTN/train_img/2024-01-15-08-02-00/Bac Lieu.png,0,2024-01-15-08-02-00,Bac Lieu
D:/UIT/KLTN/train_img/2024-01-15-08-02-00/Ben Tre.png,0,2024-01-15-08-02-00,Ben Tre
D:/UIT/KLTN/train_img/2024-01-15-08-02-00/Bien Hoa.png,0,2024-01-15-08-02-00,Bien Hoa
D:/UIT/KLTN/train_img/2024-01-15-08-02-00/Binh Duong.png,0,2024-01-15-08-02-00,Binh Duong
D:/UIT/KLTN/train_img/2024-01-15-08-02-00/Buon Ma Thuot.png,0,2024-01-15-08-02-00,Buon Ma Thuot
D:/UIT/KLTN/train_img/2024-01-15-08-02-00/Ca Mau.png,0,2024-01-15-08-02-00,Ca Mau
D:/UIT/KLTN/train_img/2024-01-15-08-02-00/Cam Ranh.png,0,2024-01-15-08-02-00,Cam Ranh
D:/UIT/KLTN/train_img/2024-01-15-08-02-00/Can Tho.png,0,2024-01-15-08-02-00,Can Tho
D:/UIT/KLTN/train_img/2024-01-15-08-02-00/Cao Lanh.png,0,2024-01-15-08-02-00,Cao Lanh
D:/UIT/KLTN/train_img/2024-01-15-08-02-00/Chau Doc.png,0,2024-01-15-08-02-00,Chau Doc
D:/UIT/KLTN/train_img/2024-01-15-08-02-00/Con Son.png,0,2024-01-15-08-02-00,Con Son
D:/UIT/KLTN/train_img/2024-01-15-08-02-00/Da Lat.png,0,2024-01-15-08-02-00,Da Lat
D:/UIT/KLTN/train_img/2024-01-15-08-02-00/Da Nang.png,0,2024-01-15-08-02-00,Da Nang
D:/UIT/KLTN/train_img/2024-01-15-08-02-00/Di An.png,0,2024-01-15-08-02-00,Di An
D:/UIT/KLTN/train_img/2024-01-15-08-02-00/Dien Bien Phu.png,0,2024-01-15-08-02-00,Dien Bien Phu
D:/UIT/KLTN/train_img/2024-01-15-08-02-00/Dong Ha.png,0,2024-01-15-08-02-00,Dong Ha
D:/UIT/KLTN/train_img/2024-01-15-08-02-00/Dong Hoi.png,0,2024-01-15-08-02-00,Dong Hoi
D:/UIT/KLTN/train_img/2024-01-15-08-02-00/Dong Xoai.png,0,2024-01-15-08-02-00,Dong Xoai
D:/UIT/KLTN/train_img/2024-01-15-08-02-00/Ha Tien.png,0,2024-01-15-08-02-00,Ha Tien
D:/UIT/KLTN/train_img/2024-01-15-08-02-00/Ho Chi Minh.png,0,2024-01-15-08-02-00,Ho Chi Minh
D:/UIT/KLTN/train_img/2024-01-15-08-02-00/Hoi An.png,0,2024-01-15-08-02-00,Hoi An
D:/UIT/KLTN/train_img/2024-01-15-08-02-00/Hue.png,0,2024-01-15-08-02-00,Hue
D:/UIT/KLTN/train_img/2024-01-15-08-02-00/Kon Tum.png,0,2024-01-15-08-02-00,Kon Tum
D:/UIT/KLTN/train_img/2024-01-15-08-02-00/Lai Chau.png,0,2024-01-15-08-02-00,Lai Chau
D:/UIT/KLTN/train_img/2024-01-15-08-02-00/Long Khanh.png,0,2024-01-15-08-02-00,Long Khanh
D:/UIT/KLTN/train_img/2024-01-15-08-02-00/Long Xuyen.png,0,2024-01-15-08-02-00,Long Xuyen
D:/UIT/KLTN/train_img/2024-01-15-08-02-00/My Tho.png,0,2024-01-15-08-02-00,My Tho
D:/UIT/KLTN/train_img/2024-01-15-08-02-00/Nha Trang.png,0,2024-01-15-08-02-00,Nha Trang
D:/UIT/KLTN/train_img/2024-01-15-08-02-00/Phan Rang - Thap Cham.png,0,2024-01-15-08-02-00,Phan Rang - Thap Cham
D:/UIT/KLTN/train_img/2024-01-15-08-02-00/Phan Thiet.png,0,2024-01-15-08-02-00,Phan Thiet
D:/UIT/KLTN/train_img/2024-01-15-08-02-00/Pleiku.png,0,2024-01-15-08-02-00,Pleiku
D:/UIT/KLTN/train_img/2024-01-15-08-02-00/Quang Ngai.png,0,2024-01-15-08-02-00,Quang Ngai
D:/UIT/KLTN/train_img/2024-01-15-08-02-00/Quy Nhon.png,0,2024-01-15-08-02-00,Quy Nhon
D:/UIT/KLTN/train_img/2024-01-15-08-02-00/Rach Gia.png,0,2024-01-15-08-02-00,Rach Gia
D:/UIT/KLTN/train_img/2024-01-15-08-02-00/Sa Dec.png,0,2024-01-15-08-02-00,Sa Dec
D:/UIT/KLTN/train_img/2024-01-15-08-02-00/Soc Trang.png,0,2024-01-15-08-02-00,Soc Trang
D:/UIT/KLTN/train_img/2024-01-15-08-02-00/Soc Trang.png,0,2024-01-15-08-02-00,Soc Trang
D:/UIT/KLTN/train_img/2024-01-15-08-02-00/Son La.png,0,2024-01-15-08-02-00,Son La
D:/UIT/KLTN/train_img/2024-01-15-08-02-00/Tan An.png,0,2024-01-15-08-02-00,Tan An
D:/UIT/KLTN/train_img/2024-01-15-08-02-00/Tay Ninh.png,0,2024-01-15-08-02-00,Tay Ninh
D:/UIT/KLTN/train_img/2024-01-15-08-02-00/Thu Dau Mot.png,0,2024-01-15-08-02-00,Thu Dau Mot
D:/UIT/KLTN/train_img/2024-01-15-08-02-00/Thu Duc.png,0,2024-01-15-08-02-00,Thu Duc
D:/UIT/KLTN/train_img/2024-01-15-08-02-00/Tra Vinh.png,0,2024-01-15-08-02-00,Tra Vinh
D:/UIT/KLTN/train_img/2024-01-15-08-02-00/Tuy Hoa.png,0,2024-01-15-08-02-00,Tuy Hoa
D:/UIT/KLTN/train_img/2024-01-15-08-02-00/Vinh Long.png,0,2024-01-15-08-02-00,Vinh Long
D:/UIT/KLTN/train_img/2024-01-15-08-02-00/Vung Tau.png,0,2024-01-15-08-02-00,Vung Tau
D:/UIT/KLTN/train_img/2024-01-15-09-02-04/Ba Ria.png,0,2024-01-15-09-02-04,Ba Ria
D:/UIT/KLTN/train_img/2024-01-15-09-02-04/Bac Lieu.png,0,2024-01-15-09-02-04,Bac Lieu
D:/UIT/KLTN/train_img/2024-01-15-09-02-04/Ben Tre.png,0,2024-01-15-09-02-04,Ben Tre
D:/UIT/KLTN/train_img/2024-01-15-09-02-04/Bien Hoa.png,0,2024-01-15-09-02-04,Bien Hoa
D:/UIT/KLTN/train_img/2024-01-15-09-02-04/Binh Duong.png,0,2024-01-15-09-02-04,Binh Duong
D:/UIT/KLTN/train_img/2024-01-15-09-02-04/Buon Ma Thuot.png,0,2024-01-15-09-02-04,Buon Ma Thuot
D:/UIT/KLTN/train_img/2024-01-15-09-02-04/Ca Mau.png,0,2024-01-15-09-02-04,Ca Mau
D:/UIT/KLTN/train_img/2024-01-15-09-02-04/Cam Pha mines.png,0,2024-01-15-09-02-04,Cam Pha mines
D:/UIT/KLTN/train_img/2024-01-15-09-02-04/Cam Ranh.png,0,2024-01-15-09-02-04,Cam Ranh
D:/UIT/KLTN/train_img/2024-01-15-09-02-04/Can Tho.png,0,2024-01-15-09-02-04,Can Tho
D:/UIT/KLTN/train_img/2024-01-15-09-02-04/Cao Lanh.png,0,2024-01-15-09-02-04,Cao Lanh
D:/UIT/KLTN/train_img/2024-01-15-09-02-04/Chau Doc.png,0,2024-01-15-09-02-04,Chau Doc
D:/UIT/KLTN/train_img/2024-01-15-09-02-04/Con Son.png,0,2024-01-15-09-02-04,Con Son
D:/UIT/KLTN/train_img/2024-01-15-09-02-04/Da Lat.png,0,2024-01-15-09-02-04,Da Lat
D:/UIT/KLTN/train_img/2024-01-15-09-02-04/Da Nang.png,0,2024-01-15-09-02-04,Da Nang
D:/UIT/KLTN/train_img/2024-01-15-09-02-04/Di An.png,0,2024-01-15-09-02-04,Di An
D:/UIT/KLTN/train_img/2024-01-15-09-02-04/Dien Bien Phu.png,0,2024-01-15-09-02-04,Dien Bien Phu
D:/UIT/KLTN/train_img/2024-01-15-09-02-04/Dong Ha.png,0,2024-01-15-09-02-04,Dong Ha
D:/UIT/KLTN/train_img/2024-01-15-09-02-04/Dong Hoi.png,0,2024-01-15-09-02-04,Dong Hoi
D:/UIT/KLTN/train_img/2024-01-15-09-02-04/Dong Xoai.png,0,2024-01-15-09-02-04,Dong Xoai
D:/UIT/KLTN/train_img/2024-01-15-09-02-04/Ha Long.png,0,2024-01-15-09-02-04,Ha Long
D:/UIT/KLTN/train_img/2024-01-15-09-02-04/Ha Tien.png,0,2024-01-15-09-02-04,Ha Tien
D:/UIT/KLTN/train_img/2024-01-15-09-02-04/Hai Duong.png,0,2024-01-15-09-02-04,Hai Duong
D:/UIT/KLTN/train_img/2024-01-15-09-02-04/Hai Phong.png,0,2024-01-15-09-02-04,Hai Phong
D:/UIT/KLTN/train_img/2024-01-15-09-02-04/Ho Chi Minh.png,0,2024-01-15-09-02-04,Ho Chi Minh
D:/UIT/KLTN/train_img/2024-01-15-09-02-04/Hoi An.png,0,2024-01-15-09-02-04,Hoi An
D:/UIT/KLTN/train_img/2024-01-15-09-02-04/Hue.png,0,2024-01-15-09-02-04,Hue
D:/UIT/KLTN/train_img/2024-01-15-09-02-04/Kon Tum.png,0,2024-01-15-09-02-04,Kon Tum
D:/UIT/KLTN/train_img/2024-01-15-09-02-04/Lai Chau.png,0,2024-01-15-09-02-04,Lai Chau
D:/UIT/KLTN/train_img/2024-01-15-09-02-04/Lang Son.png,0,2024-01-15-09-02-04,Lang Son
D:/UIT/KLTN/train_img/2024-01-15-09-02-04/Long Khanh.png,0,2024-01-15-09-02-04,Long Khanh
D:/UIT/KLTN/train_img/2024-01-15-09-02-04/Long Xuyen.png,0,2024-01-15-09-02-04,Long Xuyen
D:/UIT/KLTN/train_img/2024-01-15-09-02-04/My Tho.png,0,2024-01-15-09-02-04,My Tho
D:/UIT/KLTN/train_img/2024-01-15-09-02-04/Nha Trang.png,0,2024-01-15-09-02-04,Nha Trang
D:/UIT/KLTN/train_img/2024-01-15-09-02-04/Phan Rang - Thap Cham.png,0,2024-01-15-09-02-04,Phan Rang - Thap Cham
D:/UIT/KLTN/train_img/2024-01-15-09-02-04/Phan Thiet.png,0,2024-01-15-09-02-04,Phan Thiet
D:/UIT/KLTN/train_img/2024-01-15-09-02-04/Pleiku.png,0,2024-01-15-09-02-04,Pleiku
D:/UIT/KLTN/train_img/2024-01-15-09-02-04/Quang Ngai.png,0,2024-01-15-09-02-04,Quang Ngai
D:/UIT/KLTN/train_img/2024-01-15-09-02-04/Quy Nhon.png,0,2024-01-15-09-02-04,Quy Nhon
D:/UIT/KLTN/train_img/2024-01-15-09-02-04/Rach Gia.png,0,2024-01-15-09-02-04,Rach Gia
D:/UIT/KLTN/train_img/2024-01-15-09-02-04/Sa Dec.png,0,2024-01-15-09-02-04,Sa Dec
D:/UIT/KLTN/train_img/2024-01-15-09-02-04/Soc Trang.png,0,2024-01-15-09-02-04,Soc Trang
D:/UIT/KLTN/train_img/2024-01-15-09-02-04/Soc Trang.png,0,2024-01-15-09-02-04,Soc Trang
D:/UIT/KLTN/train_img/2024-01-15-09-02-04/Son La.png,0,2024-01-15-09-02-04,Son La
D:/UIT/KLTN/train_img/2024-01-15-09-02-04/Tan An.png,0,2024-01-15-09-02-04,Tan An
D:/UIT/KLTN/train_img/2024-01-15-09-02-04/Tay Ninh.png,0,2024-01-15-09-02-04,Tay Ninh
D:/UIT/KLTN/train_img/2024-01-15-09-02-04/Thu Dau Mot.png,0,2024-01-15-09-02-04,Thu Dau Mot
D:/UIT/KLTN/train_img/2024-01-15-09-02-04/Thu Duc.png,0,2024-01-15-09-02-04,Thu Duc
D:/UIT/KLTN/train_img/2024-01-15-09-02-04/Tra Vinh.png,0,2024-01-15-09-02-04,Tra Vinh
D:/UIT/KLTN/train_img/2024-01-15-09-02-04/Tuy Hoa.png,0,2024-01-15-09-02-04,Tuy Hoa
D:/UIT/KLTN/train_img/2024-01-15-09-02-04/Uong Bi.png,0,2024-01-15-09-02-04,Uong Bi
D:/UIT/KLTN/train_img/2024-01-15-09-02-04/Vinh Long.png,0,2024-01-15-09-02-04,Vinh Long
D:/UIT/KLTN/train_img/2024-01-15-09-02-04/Vung Tau.png,0,2024-01-15-09-02-04,Vung Tau
D:/UIT/KLTN/train_img/2024-01-15-10-02-03/Ba Ria.png,0,2024-01-15-10-02-03,Ba Ria
D:/UIT/KLTN/train_img/2024-01-15-10-02-03/Bac Lieu.png,0,2024-01-15-10-02-03,Bac Lieu
D:/UIT/KLTN/train_img/2024-01-15-10-02-03/Ben Tre.png,0,2024-01-15-10-02-03,Ben Tre
D:/UIT/KLTN/train_img/2024-01-15-10-02-03/Bien Hoa.png,0,2024-01-15-10-02-03,Bien Hoa
D:/UIT/KLTN/train_img/2024-01-15-10-02-03/Binh Duong.png,0,2024-01-15-10-02-03,Binh Duong
D:/UIT/KLTN/train_img/2024-01-15-10-02-03/Buon Ma Thuot.png,0,2024-01-15-10-02-03,Buon Ma Thuot
D:/UIT/KLTN/train_img/2024-01-15-10-02-03/Ca Mau.png,0,2024-01-15-10-02-03,Ca Mau
D:/UIT/KLTN/train_img/2024-01-15-10-02-03/Cam Pha mines.png,0,2024-01-15-10-02-03,Cam Pha mines
D:/UIT/KLTN/train_img/2024-01-15-10-02-03/Cam Ranh.png,0,2024-01-15-10-02-03,Cam Ranh
D:/UIT/KLTN/train_img/2024-01-15-10-02-03/Can Tho.png,0,2024-01-15-10-02-03,Can Tho
D:/UIT/KLTN/train_img/2024-01-15-10-02-03/Cao Lanh.png,0,2024-01-15-10-02-03,Cao Lanh
D:/UIT/KLTN/train_img/2024-01-15-10-02-03/Chau Doc.png,0,2024-01-15-10-02-03,Chau Doc
D:/UIT/KLTN/train_img/2024-01-15-10-02-03/Con Son.png,0,2024-01-15-10-02-03,Con Son
D:/UIT/KLTN/train_img/2024-01-15-10-02-03/Da Lat.png,0,2024-01-15-10-02-03,Da Lat
D:/UIT/KLTN/train_img/2024-01-15-10-02-03/Da Nang.png,0,2024-01-15-10-02-03,Da Nang
D:/UIT/KLTN/train_img/2024-01-15-10-02-03/Di An.png,0,2024-01-15-10-02-03,Di An
D:/UIT/KLTN/train_img/2024-01-15-10-02-03/Dien Bien Phu.png,0,2024-01-15-10-02-03,Dien Bien Phu
D:/UIT/KLTN/train_img/2024-01-15-10-02-03/Dong Ha.png,0,2024-01-15-10-02-03,Dong Ha
D:/UIT/KLTN/train_img/2024-01-15-10-02-03/Dong Hoi.png,0,2024-01-15-10-02-03,Dong Hoi
D:/UIT/KLTN/train_img/2024-01-15-10-02-03/Dong Xoai.png,0,2024-01-15-10-02-03,Dong Xoai
D:/UIT/KLTN/train_img/2024-01-15-10-02-03/Ha Long.png,0,2024-01-15-10-02-03,Ha Long
D:/UIT/KLTN/train_img/2024-01-15-10-02-03/Ha Tien.png,0,2024-01-15-10-02-03,Ha Tien
D:/UIT/KLTN/train_img/2024-01-15-10-02-03/Hai Duong.png,0,2024-01-15-10-02-03,Hai Duong
D:/UIT/KLTN/train_img/2024-01-15-10-02-03/Hai Phong.png,0,2024-01-15-10-02-03,Hai Phong
D:/UIT/KLTN/train_img/2024-01-15-10-02-03/Ho Chi Minh.png,0,2024-01-15-10-02-03,Ho Chi Minh
D:/UIT/KLTN/train_img/2024-01-15-10-02-03/Hoi An.png,0,2024-01-15-10-02-03,Hoi An
D:/UIT/KLTN/train_img/2024-01-15-10-02-03/Hue.png,0,2024-01-15-10-02-03,Hue
D:/UIT/KLTN/train_img/2024-01-15-10-02-03/Kon Tum.png,0,2024-01-15-10-02-03,Kon Tum
D:/UIT/KLTN/train_img/2024-01-15-10-02-03/Lai Chau.png,0,2024-01-15-10-02-03,Lai Chau
D:/UIT/KLTN/train_img/2024-01-15-10-02-03/Lang Son.png,0,2024-01-15-10-02-03,Lang Son
D:/UIT/KLTN/train_img/2024-01-15-10-02-03/Long Khanh.png,0,2024-01-15-10-02-03,Long Khanh
D:/UIT/KLTN/train_img/2024-01-15-10-02-03/Long Xuyen.png,0,2024-01-15-10-02-03,Long Xuyen
D:/UIT/KLTN/train_img/2024-01-15-10-02-03/My Tho.png,0,2024-01-15-10-02-03,My Tho
D:/UIT/KLTN/train_img/2024-01-15-10-02-03/Nha Trang.png,0,2024-01-15-10-02-03,Nha Trang
D:/UIT/KLTN/train_img/2024-01-15-10-02-03/Phan Rang - Thap Cham.png,0,2024-01-15-10-02-03,Phan Rang - Thap Cham
D:/UIT/KLTN/train_img/2024-01-15-10-02-03/Phan Thiet.png,0,2024-01-15-10-02-03,Phan Thiet
D:/UIT/KLTN/train_img/2024-01-15-10-02-03/Pleiku.png,0,2024-01-15-10-02-03,Pleiku
D:/UIT/KLTN/train_img/2024-01-15-10-02-03/Quang Ngai.png,0,2024-01-15-10-02-03,Quang Ngai
D:/UIT/KLTN/train_img/2024-01-15-10-02-03/Quy Nhon.png,0,2024-01-15-10-02-03,Quy Nhon
D:/UIT/KLTN/train_img/2024-01-15-10-02-03/Rach Gia.png,0,2024-01-15-10-02-03,Rach Gia
D:/UIT/KLTN/train_img/2024-01-15-10-02-03/Sa Dec.png,0,2024-01-15-10-02-03,Sa Dec
D:/UIT/KLTN/train_img/2024-01-15-10-02-03/Soc Trang.png,0,2024-01-15-10-02-03,Soc Trang
D:/UIT/KLTN/train_img/2024-01-15-10-02-03/Soc Trang.png,0,2024-01-15-10-02-03,Soc Trang
D:/UIT/KLTN/train_img/2024-01-15-10-02-03/Son La.png,0,2024-01-15-10-02-03,Son La
D:/UIT/KLTN/train_img/2024-01-15-10-02-03/Tan An.png,0,2024-01-15-10-02-03,Tan An
D:/UIT/KLTN/train_img/2024-01-15-10-02-03/Tay Ninh.png,0,2024-01-15-10-02-03,Tay Ninh
D:/UIT/KLTN/train_img/2024-01-15-10-02-03/Thu Dau Mot.png,0,2024-01-15-10-02-03,Thu Dau Mot
D:/UIT/KLTN/train_img/2024-01-15-10-02-03/Thu Duc.png,0,2024-01-15-10-02-03,Thu Duc
D:/UIT/KLTN/train_img/2024-01-15-10-02-03/Tra Vinh.png,0,2024-01-15-10-02-03,Tra Vinh
D:/UIT/KLTN/train_img/2024-01-15-10-02-03/Tuy Hoa.png,0,2024-01-15-10-02-03,Tuy Hoa
D:/UIT/KLTN/train_img/2024-01-15-10-02-03/Uong Bi.png,0,2024-01-15-10-02-03,Uong Bi
D:/UIT/KLTN/train_img/2024-01-15-10-02-03/Vinh Long.png,0,2024-01-15-10-02-03,Vinh Long
D:/UIT/KLTN/train_img/2024-01-15-10-02-03/Vung Tau.png,0,2024-01-15-10-02-03,Vung Tau
